run_id,target_rps,mix,site,class,n,join_rate,achieved_rps_total,fc_p50,fc_p95,fc_p99,svc_p95,cor_p95,viol_rate
s0_b1600_r160,160,mixed,S1,recommend,12800,1.0,160.0,-0.866,-0.548,6.952,4.171,4.381,0.000391
s0_b1600_r160,160,mixed,S1,reserve,6400,1.0,160.0,-0.427,-0.067,10.462,3.764,3.995,0.001406
s0_b1600_r160,160,mixed,S1,search,9602,1.0,160.0,2.721,6.12,16.839,33.352,33.579,0.008644
s0_b1600_r200,200,mixed,S1,recommend,16000,1.0,200.0,-0.861,0.003,6.308,4.692,4.859,0.00025
s0_b1600_r200,200,mixed,S1,reserve,8000,1.0,200.0,-0.425,0.146,5.237,3.991,4.175,0.002125
s0_b1600_r200,200,mixed,S1,search,12002,1.0,200.0,4.387,7.509,16.126,34.728,34.927,0.007665
s0_b1600_r250,250,mixed,S1,recommend,20000,1.0,250.0,-0.351,1.927,7.322,6.596,6.73,0.0004
s0_b1600_r250,250,mixed,S1,reserve,9998,1.0,250.0,0.368,1.248,8.743,5.076,5.231,0.002701
s0_b1600_r250,250,mixed,S1,search,15004,1.0,250.0,5.924,9.787,19.636,36.984,37.14,0.01393
s0_b1600_r280,280,mixed,S1,recommend,22400,1.0,280.0,-0.794,1.166,8.952,5.835,5.952,0.000223
s0_b1600_r280,280,mixed,S1,reserve,11200,1.0,280.0,-0.442,0.682,12.033,4.532,4.666,0.001339
s0_b1600_r280,280,mixed,S1,search,16802,1.0,280.0,3.438,6.617,19.011,33.801,33.936,0.012022
s0_b1600_r340,340,mixed,S1,recommend,27203,1.0,340.0,0.741,3.632,12.369,8.292,8.392,0.001507
s0_b1600_r340,340,mixed,S1,reserve,13600,1.0,340.0,0.185,1.946,11.755,5.787,5.893,0.003162
s0_b1600_r340,340,mixed,S1,search,20402,1.0,340.0,6.817,11.314,25.38,38.513,38.622,0.023037
s0_b1600_r370,370,mixed,S1,recommend,29602,1.0,370.0,-0.483,3.253,10.897,7.933,8.048,0.001689
s0_b1600_r370,370,mixed,S1,reserve,14800,1.0,370.0,-0.426,2.661,16.286,6.483,6.589,0.00473
s0_b1600_r370,370,mixed,S1,search,22202,1.0,370.0,3.666,12.007,30.01,39.201,39.32,0.027385
s0_b1600_r400,400,mixed,S1,recommend,32000,1.0,400.0,0.425,5.201,12.99,9.861,9.995,0.002875
s0_b1600_r400,400,mixed,S1,reserve,16000,1.0,400.0,0.585,5.848,18.493,9.674,9.754,0.004625
s0_b1600_r400,400,mixed,S1,search,24004,1.0,400.0,5.722,15.795,35.022,42.989,43.065,0.038994
s0_b1600_r440,440,mixed,S1,recommend,35202,1.0,440.0,0.808,7.49,17.575,12.142,12.436,0.007272
s0_b1600_r440,440,mixed,S1,reserve,17600,1.0,440.0,0.409,9.561,24.088,13.401,13.516,0.006818
s0_b1600_r440,440,mixed,S1,search,26404,1.0,440.0,7.309,22.318,49.394,49.514,49.606,0.082222
s0_b1600_r470,470,mixed,S1,recommend,37602,1.0,470.0,1.789,8.746,19.395,13.389,13.86,0.009015
s0_b1600_r470,470,mixed,S1,reserve,18798,1.0,470.0,1.268,10.601,25.326,14.429,14.539,0.007235
s0_b1600_r470,470,mixed,S1,search,28207,1.0,470.0,9.543,24.811,52.325,51.93,52.025,0.112596
s0_b1600_r500,500,mixed,S1,recommend,40004,1.0,500.0,5.588,18.262,27.754,22.916,26.604,0.025822
s0_b1600_r500,500,mixed,S1,reserve,19997,1.0,500.0,7.731,22.314,34.222,26.155,26.428,0.016152
s0_b1600_r500,500,mixed,S1,search,30010,1.0,500.0,20.429,43.705,68.293,70.809,71.047,0.633689
s0_b2300_r320,320,mixed,S1,recommend,25600,1.0,320.0,0.659,3.457,10.673,7.446,7.556,0.00043
s0_b2300_r320,320,mixed,S1,reserve,12800,1.0,320.0,0.411,1.618,13.115,5.042,5.152,0.002266
s0_b2300_r320,320,mixed,S1,search,19202,1.0,320.0,6.755,10.693,23.131,30.277,30.409,0.008385
s0_b2300_r380,380,mixed,S1,recommend,30400,1.0,380.0,1.104,4.308,11.737,8.298,8.401,0.000921
s0_b2300_r380,380,mixed,S1,reserve,15204,1.0,380.0,0.414,2.944,14.259,6.338,6.45,0.003091
s0_b2300_r380,380,mixed,S1,search,22802,1.0,380.0,7.236,13.367,31.205,32.897,32.998,0.013858
s0_b2300_r420,420,mixed,S1,recommend,33596,1.0,420.0,0.828,6.023,15.05,10.006,10.139,0.003512
s0_b2300_r420,420,mixed,S1,reserve,16804,1.0,420.0,-0.335,6.061,17.504,9.458,9.572,0.004166
s0_b2300_r420,420,mixed,S1,search,25204,1.0,420.0,7.129,18.607,43.048,38.133,38.24,0.025512
s0_b2300_r470,470,mixed,S1,recommend,37601,1.0,470.0,1.771,8.469,20.1,12.453,12.746,0.008431
s0_b2300_r470,470,mixed,S1,reserve,18798,1.0,470.0,1.18,10.01,25.096,13.397,13.495,0.006969
s0_b2300_r470,470,mixed,S1,search,28206,1.0,470.0,9.336,24.281,57.396,43.794,43.898,0.045203
s0_b2300_r520,520,mixed,S1,recommend,41604,1.0,520.0,10.103,24.859,34.903,28.841,37.071,0.058456
s0_b2300_r520,520,mixed,S1,reserve,20802,1.0,520.0,12.928,31.362,46.437,34.753,35.426,0.052447
s0_b2300_r520,520,mixed,S1,search,31210,1.0,520.0,29.746,57.008,83.151,76.428,77.14,0.670234
s0_b2300_r570,570,mixed,S1,recommend,45610,1.0,570.0,16.674,33.863,43.941,37.851,72.328,0.368823
s0_b2300_r570,570,mixed,S1,reserve,22802,1.0,570.0,21.297,43.987,60.314,47.404,53.603,0.221691
s0_b2300_r570,570,mixed,S1,search,34215,1.0,570.0,45.732,77.744,99.32,97.208,102.688,0.970422
s0_unl_r430,430,mixed,S1,recommend,34398,1.0,430.0,1.421,6.043,15.059,8.455,8.562,0.002035
s0_unl_r430,430,mixed,S1,reserve,17200,1.0,430.0,0.468,5.918,18.433,8.307,8.414,0.003198
s0_unl_r430,430,mixed,S1,search,25802,1.0,430.0,7.612,17.451,39.176,19.824,19.924,0.008992
s0_unl_r470,470,mixed,S1,recommend,37604,1.0,470.0,1.7,11.484,22.702,13.872,14.16,0.007021
s0_unl_r470,470,mixed,S1,reserve,18799,1.0,470.0,1.957,14.652,33.623,17.091,17.199,0.011064
s0_unl_r470,470,mixed,S1,search,28206,1.0,470.0,11.102,30.388,64.955,32.722,32.824,0.022442
