policy,t_rel_s,req_idx_start,n,service_p50,service_p95,corrected_p50,corrected_p95
SORTS,0,0,149,21.81,28.7,21.88,28.8
SORTS,1,149,150,19.68,29.01,19.79,29.08
SORTS,2,299,151,19.97,28.75,20.07,28.84
SORTS,3,450,148,19.63,28.75,19.72,28.84
SORTS,4,598,153,19.91,29.0,20.0,29.11
SORTS,5,751,146,20.67,28.86,20.79,28.92
SORTS,6,897,153,19.86,28.85,19.94,28.94
SORTS,7,1050,150,19.82,28.77,19.88,28.86
SORTS,8,1200,149,21.1,28.82,21.19,28.88
SORTS,9,1349,150,19.79,28.7,19.85,28.79
SORTS,10,1499,149,19.53,28.78,19.59,28.88
SORTS,11,1648,153,20.33,28.84,20.4,28.92
SORTS,12,1801,147,19.58,28.81,19.65,28.9
SORTS,13,1948,152,20.23,28.68,20.32,28.74
SORTS,14,2100,150,19.75,29.07,19.82,29.14
SORTS,15,2250,149,19.6,28.79,19.69,28.87
SORTS,16,2399,151,20.05,28.74,20.16,28.85
SORTS,17,2550,149,19.64,28.74,19.71,28.81
SORTS,18,2699,152,19.62,28.84,19.69,28.91
SORTS,19,2851,147,20.42,28.87,20.49,28.95
SORTS,20,2998,153,19.83,28.79,19.93,28.88
SORTS,21,3151,147,19.59,28.8,19.69,28.88
SORTS,22,3298,151,20.36,28.84,20.44,28.93
SORTS,23,3449,151,20.56,29.09,20.62,29.15
SORTS,24,3600,149,19.57,28.78,19.63,28.87
SORTS,25,3749,152,19.66,28.88,19.72,28.94
SORTS,26,3901,148,20.77,28.84,20.87,28.94
SORTS,27,4049,151,19.81,28.89,19.91,28.98
SORTS,28,4200,148,19.95,28.78,20.05,28.84
SORTS,29,4348,153,19.8,28.74,19.89,28.83
SORTS,30,4501,150,19.66,28.86,19.78,28.96
SORTS,31,4651,149,19.86,28.83,19.96,28.92
SORTS,32,4800,150,19.67,28.84,19.77,28.91
SORTS,33,4950,148,19.83,28.89,19.9,28.96
SORTS,34,5098,152,19.9,28.82,20.0,28.93
SORTS,35,5250,148,19.66,28.8,19.77,28.86
SORTS,36,5398,153,19.71,28.78,19.81,28.84
SORTS,37,5551,148,19.8,28.9,19.89,28.96
SORTS,38,5699,150,19.8,28.78,19.9,28.87
SORTS,39,5849,152,19.78,28.73,19.85,28.83
SORTS,40,6001,148,20.44,28.76,20.51,28.86
SORTS,41,6149,152,19.93,28.86,20.03,28.95
SORTS,42,6301,147,19.92,28.92,19.98,29.02
SORTS,43,6448,152,20.34,28.72,20.44,28.8
SORTS,44,6600,148,19.64,28.73,19.77,28.8
SORTS,45,6748,152,19.54,28.79,19.62,28.87
SORTS,46,6900,151,19.64,28.8,19.73,28.9
SORTS,47,7051,149,20.0,28.88,20.09,28.98
SORTS,48,7200,150,21.29,28.83,21.35,28.91
SORTS,49,7350,149,19.61,28.83,19.67,28.92
SORTS,50,7499,151,20.55,28.78,20.65,28.86
SORTS,51,7650,149,19.5,28.88,19.56,28.98
SORTS,52,7799,152,19.59,28.75,19.68,28.84
SORTS,53,7951,146,20.8,29.0,20.89,29.06
SORTS,54,8097,153,19.73,28.77,19.82,28.85
SORTS,55,8250,151,19.88,28.73,19.98,28.81
SORTS,56,8401,148,19.88,28.9,19.98,29.0
SORTS,57,8549,151,19.68,28.72,19.75,28.81
SORTS,58,8700,149,19.94,28.72,20.03,28.81
SORTS,59,8849,151,19.65,28.84,19.73,28.91
SORTS,60,9000,148,19.69,28.77,19.75,28.83
SORTS,61,9148,152,19.77,28.75,19.86,28.83
SORTS,62,9300,150,19.84,28.85,19.94,28.91
SORTS,63,9450,150,19.66,28.8,19.73,28.9
SORTS,64,9600,151,19.45,28.64,19.55,28.73
SORTS,65,9751,148,19.92,28.8,19.99,28.89
SORTS,66,9899,150,19.79,28.81,19.88,28.87
SORTS,67,10049,149,19.91,28.85,20.01,28.96
SORTS,68,10198,153,20.34,28.87,20.41,28.93
SORTS,69,10351,147,19.36,28.68,19.43,28.75
SORTS,70,10498,152,19.72,28.81,19.78,28.87
SORTS,71,10650,151,19.95,28.81,20.04,28.9
SORTS,72,10801,148,19.73,28.83,19.85,28.92
SORTS,73,10949,152,19.65,28.8,19.71,28.89
SORTS,74,11101,147,19.79,28.79,19.88,28.88
SORTS,75,11248,153,19.62,28.77,19.71,28.86
SORTS,76,11401,148,20.54,28.77,20.6,28.83
SORTS,77,11549,152,19.75,28.71,19.84,28.78
SORTS,78,11701,150,20.17,28.79,20.24,28.86
SORTS,79,11851,148,20.25,28.86,20.35,28.96
SORTS,80,11999,151,19.77,28.88,19.87,28.97
SORTS,81,12150,149,19.84,28.76,19.93,28.85
SORTS,82,12299,151,19.66,28.74,19.75,28.81
SORTS,83,12450,148,19.96,28.83,20.05,28.91
SORTS,84,12598,152,20.23,28.77,20.35,28.87
SORTS,85,12750,148,19.76,28.87,19.85,28.98
SORTS,86,12898,152,19.75,28.81,19.85,28.89
SORTS,87,13050,150,20.13,28.8,20.23,28.88
SORTS,88,13200,149,19.87,28.88,19.99,28.95
SORTS,89,13349,151,19.65,28.74,19.75,28.84
SORTS,90,13500,148,19.83,28.82,19.92,28.91
SORTS,91,13648,153,19.64,28.8,19.7,28.86
SORTS,92,13801,147,19.85,28.78,19.91,28.85
SORTS,93,13948,152,19.77,28.84,19.84,28.94
SORTS,94,14100,151,20.01,28.84,20.1,28.9
SORTS,95,14251,149,20.27,28.84,20.34,28.94
SORTS,96,14400,151,19.9,28.81,19.99,28.91
SORTS,97,14551,147,19.79,28.72,19.89,28.79
SORTS,98,14698,152,19.73,28.72,19.83,28.82
SORTS,99,14850,149,19.91,28.95,19.97,29.05
SORTS,100,14999,152,19.81,28.81,19.9,28.87
SORTS,101,15151,146,19.96,28.81,20.03,28.88
SORTS,102,15297,154,19.74,28.93,19.8,29.0
SORTS,103,15451,149,19.82,28.73,19.92,28.84
SORTS,104,15600,149,19.95,28.81,20.02,28.88
SORTS,105,15749,150,19.92,28.87,20.0,28.95
SORTS,106,15899,149,20.05,28.76,20.11,28.82
SORTS,107,16048,153,19.62,28.65,19.71,28.75
SORTS,108,16201,147,20.04,28.79,20.1,28.87
SORTS,109,16348,152,19.66,28.75,19.73,28.84
SORTS,110,16500,151,20.1,28.8,20.17,28.86
SORTS,111,16651,148,19.58,28.8,19.67,28.91
SORTS,112,16799,151,20.16,28.85,20.23,28.92
SORTS,113,16950,149,19.56,28.84,19.63,28.93
SORTS,114,17099,151,19.59,28.81,19.69,28.9
SORTS,115,17250,148,20.31,28.74,20.4,28.82
SORTS,116,17398,153,19.6,28.74,19.7,28.83
SORTS,117,17551,146,19.77,28.8,19.84,28.89
SORTS,118,17697,153,19.75,28.81,19.82,28.87
SORTS,119,17850,150,19.58,28.81,19.71,28.9
SORTS,120,18000,149,28.3,31.74,28.38,31.81
SORTS,121,18149,150,28.97,31.56,29.07,31.62
SORTS,122,18299,149,29.25,31.48,29.31,31.62
SORTS,123,18448,152,30.28,31.51,30.35,31.57
SORTS,124,18600,148,30.25,31.58,30.34,31.63
SORTS,125,18748,152,30.16,31.52,30.25,31.6
SORTS,126,18900,150,29.03,31.88,29.1,31.95
SORTS,127,19050,149,30.2,31.67,30.27,31.76
SORTS,128,19199,151,29.59,31.59,29.66,31.66
SORTS,129,19350,147,30.21,31.59,30.3,31.66
SORTS,130,19497,152,30.21,31.5,30.27,31.6
SORTS,131,19649,148,30.19,31.62,30.31,31.68
SORTS,132,19797,153,28.85,31.58,28.95,31.65
SORTS,133,19950,148,30.25,31.48,30.32,31.56
SORTS,134,20098,151,30.27,31.53,30.33,31.6
SORTS,135,20249,151,29.53,31.54,29.59,31.6
SORTS,136,20400,149,30.21,31.66,30.3,31.76
SORTS,137,20549,150,30.18,31.74,30.25,31.8
SORTS,138,20699,148,30.27,31.64,30.34,31.71
SORTS,139,20847,153,29.06,31.51,29.12,31.6
SORTS,140,21000,148,30.19,31.62,30.25,31.68
SORTS,141,21148,152,30.25,31.41,30.32,31.48
SORTS,142,21300,150,29.27,31.58,29.36,31.64
SORTS,143,21450,150,29.49,31.68,29.56,31.75
SORTS,144,21600,149,30.25,31.63,30.34,31.7
SORTS,145,21749,149,28.98,31.82,29.07,31.88
SORTS,146,21898,151,30.15,32.13,30.22,32.19
SORTS,147,22049,149,29.39,31.59,29.49,31.66
SORTS,148,22198,152,30.22,31.5,30.28,31.57
SORTS,149,22350,148,30.22,31.54,30.28,31.6
SORTS,150,22498,151,30.23,31.56,30.3,31.66
SORTS,151,22649,151,28.95,31.48,29.01,31.57
SORTS,152,22800,149,30.19,31.57,30.26,31.67
SORTS,153,22949,150,29.2,31.6,29.29,31.66
SORTS,154,23099,148,30.24,31.76,30.3,31.83
SORTS,155,23247,153,29.02,31.5,29.11,31.58
SORTS,156,23400,148,30.3,31.8,30.36,31.87
SORTS,157,23548,152,30.24,31.54,30.3,31.64
SORTS,158,23700,150,29.48,32.01,29.59,32.1
SORTS,159,23850,150,29.16,31.64,29.23,31.7
SORTS,160,24000,150,29.14,31.69,29.2,31.79
SORTS,161,24150,148,30.18,31.49,30.25,31.58
SORTS,162,24298,152,30.2,31.61,30.26,31.67
SORTS,163,24450,147,30.23,31.64,30.3,31.7
SORTS,164,24597,153,29.32,31.6,29.38,31.69
SORTS,165,24750,148,30.19,31.5,30.29,31.57
SORTS,166,24898,151,30.23,31.66,30.3,31.72
SORTS,167,25049,151,29.34,31.51,29.41,31.58
SORTS,168,25200,149,30.25,31.86,30.31,31.93
SORTS,169,25349,151,29.13,31.41,29.2,31.48
SORTS,170,25500,148,30.19,31.55,30.26,31.64
SORTS,171,25648,152,30.23,31.57,30.3,31.63
SORTS,172,25800,148,30.2,31.62,30.27,31.69
SORTS,173,25948,152,30.24,31.52,30.3,31.58
SORTS,174,26100,150,30.18,31.53,30.28,31.63
SORTS,175,26250,150,29.31,31.72,29.41,31.79
SORTS,176,26400,149,30.3,31.61,30.37,31.68
SORTS,177,26549,149,29.23,31.56,29.3,31.62
SORTS,178,26698,151,30.19,31.55,30.27,31.62
SORTS,179,26849,149,29.26,31.66,29.33,31.73
SORTS,180,26998,151,30.81,43.78,30.87,43.87
SORTS,181,27149,148,32.26,43.73,32.35,43.79
SORTS,182,27297,151,32.11,43.58,32.2,43.64
SORTS,183,27448,150,32.38,43.74,32.44,43.84
SORTS,184,27598,150,32.33,43.8,32.4,43.91
SORTS,185,27748,151,32.12,43.75,32.22,43.81
SORTS,186,27899,148,33.06,44.42,33.13,44.52
SORTS,187,28047,151,32.23,43.59,32.3,43.65
SORTS,188,28198,148,32.15,43.78,32.22,43.88
SORTS,189,28346,152,32.18,43.79,32.28,43.86
SORTS,190,28498,151,33.04,43.62,33.14,43.68
SORTS,191,28649,149,32.61,43.61,32.67,43.71
SORTS,192,28798,151,32.01,43.68,32.08,43.75
SORTS,193,28949,148,31.97,43.7,32.04,43.79
SORTS,194,29097,151,32.07,43.83,32.14,43.89
SORTS,195,29248,148,32.63,43.66,32.73,43.74
SORTS,196,29396,152,32.91,54.86,32.97,54.92
SORTS,197,29548,149,32.29,43.66,32.37,43.75
SORTS,198,29697,151,32.44,43.57,32.54,43.64
SORTS,199,29848,150,32.21,43.81,32.32,43.91
SORTS,200,29998,151,32.09,43.79,32.19,43.87
SORTS,201,30149,149,32.62,43.78,32.69,43.88
SORTS,202,30298,148,32.42,43.74,32.48,43.81
SORTS,203,30446,152,32.78,43.6,32.85,43.7
SORTS,204,30598,148,32.17,43.7,32.28,43.8
SORTS,205,30746,152,32.42,43.64,32.49,43.7
SORTS,206,30898,150,33.27,44.26,33.34,44.33
SORTS,207,31048,150,31.92,43.68,32.0,43.77
SORTS,208,31198,151,32.18,43.71,32.29,43.78
SORTS,209,31349,147,32.31,43.74,32.39,43.83
SORTS,210,31496,152,32.52,43.57,32.59,43.64
SORTS,211,31648,148,32.47,43.76,32.58,43.84
SORTS,212,31796,152,32.09,43.46,32.2,43.55
SORTS,213,31948,148,32.2,43.73,32.26,43.8
SORTS,214,32096,152,32.14,43.54,32.23,43.6
SORTS,215,32248,150,32.28,43.81,32.36,43.93
SORTS,216,32398,150,33.14,46.7,33.21,46.81
SORTS,217,32548,150,32.49,43.45,32.56,43.52
SORTS,218,32698,149,32.36,43.57,32.45,43.67
SORTS,219,32847,151,32.15,43.82,32.24,43.88
SORTS,220,32998,148,32.51,43.68,32.61,43.76
SORTS,221,33146,152,32.24,43.82,32.33,43.89
SORTS,222,33298,151,32.74,43.67,32.83,43.74
SORTS,223,33449,149,32.57,43.63,32.63,43.69
SORTS,224,33598,150,31.99,43.65,32.06,43.72
SORTS,225,33748,148,32.03,43.69,32.1,43.76
SORTS,226,33896,152,32.94,44.48,33.01,44.58
SORTS,227,34048,148,32.34,43.81,32.44,43.87
SORTS,228,34196,152,32.43,43.58,32.49,43.65
SORTS,229,34348,148,32.12,43.69,32.18,43.77
SORTS,230,34496,153,32.57,43.78,32.66,43.84
SORTS,231,34649,149,32.03,43.66,32.12,43.74
SORTS,232,34798,150,32.07,43.89,32.16,43.98
SORTS,233,34948,150,32.18,43.64,32.28,43.73
SORTS,234,35098,148,32.07,43.57,32.17,43.64
SORTS,235,35246,152,32.03,43.8,32.1,43.89
SORTS,236,35398,148,32.8,44.5,32.86,44.57
SORTS,237,35546,153,32.17,43.7,32.24,43.8
SORTS,238,35699,149,32.75,43.66,32.81,43.73
SORTS,239,35848,150,32.35,43.7,32.41,43.8
SORTS,240,35998,153,28.5,43.49,28.6,43.74
SORTS,241,36151,148,20.86,28.91,20.96,29.0
SORTS,242,36299,152,19.69,28.74,19.78,28.83
SORTS,243,36451,148,20.83,28.84,20.9,28.94
SORTS,244,36599,151,19.77,28.74,19.87,28.83
SORTS,245,36750,149,19.55,28.74,19.64,28.84
SORTS,246,36899,152,20.09,28.83,20.16,28.89
SORTS,247,37051,150,19.82,28.85,19.91,28.95
SORTS,248,37201,148,20.13,28.88,20.2,28.98
SORTS,249,37349,150,19.66,28.86,19.75,28.94
SORTS,250,37499,149,19.6,28.85,19.7,28.93
SORTS,251,37648,153,19.73,28.73,19.8,28.8
SORTS,252,37801,148,19.64,28.9,19.74,28.97
SORTS,253,37949,151,20.16,28.79,20.26,28.89
SORTS,254,38100,151,19.58,28.86,19.67,28.94
SORTS,255,38251,150,19.71,28.8,19.78,28.86
SORTS,256,38401,149,20.07,28.95,20.17,29.06
SORTS,257,38550,149,20.59,28.79,20.66,28.88
SORTS,258,38699,151,19.8,28.79,19.9,28.86
SORTS,259,38850,148,19.96,28.81,20.02,28.9
SORTS,260,38998,153,20.66,28.84,20.73,28.94
SORTS,261,39151,146,19.74,28.78,19.81,28.9
SORTS,262,39297,152,19.7,28.74,19.78,28.84
SORTS,263,39449,152,19.93,28.76,20.03,28.86
SORTS,264,39601,148,20.06,28.81,20.13,28.88
SORTS,265,39749,151,21.06,28.82,21.15,28.92
SORTS,266,39900,148,19.71,29.23,19.81,29.29
SORTS,267,40048,152,21.31,28.72,21.37,28.79
SORTS,268,40200,147,20.22,28.82,20.31,28.9
SORTS,269,40347,153,19.61,28.69,19.7,28.77
SORTS,270,40500,150,19.64,28.82,19.71,28.89
SORTS,271,40650,151,19.66,28.8,19.75,28.89
SORTS,272,40801,148,20.03,28.76,20.14,28.85
SORTS,273,40949,149,20.73,28.9,20.8,28.99
SORTS,274,41098,152,19.61,28.63,19.71,28.71
SORTS,275,41250,148,21.24,28.91,21.32,28.98
SORTS,276,41398,152,20.46,28.81,20.56,28.87
SORTS,277,41550,148,21.59,28.84,21.68,28.93
SORTS,278,41698,153,19.82,28.84,19.89,28.91
SORTS,279,41851,150,20.08,28.87,20.14,28.97
SORTS,280,42001,148,20.05,28.8,20.14,28.89
SORTS,281,42149,151,19.61,28.79,19.68,28.86
SORTS,282,42300,148,19.66,28.77,19.75,28.87
SORTS,283,42448,153,19.73,28.82,19.79,28.91
SORTS,284,42601,148,19.92,28.82,19.98,28.9
SORTS,285,42749,151,19.6,28.7,19.67,28.78
SORTS,286,42900,151,19.66,28.79,19.75,28.89
SORTS,287,43051,149,19.71,28.81,19.82,28.89
SORTS,288,43200,149,19.71,28.8,19.79,28.87
SORTS,289,43349,149,19.91,28.97,19.99,29.06
SORTS,290,43498,151,20.43,28.81,20.52,28.89
SORTS,291,43649,149,19.68,28.89,19.77,28.98
SORTS,292,43798,153,19.48,28.71,19.58,28.8
SORTS,293,43951,148,19.95,28.79,20.06,28.89
SORTS,294,44099,152,19.75,28.75,19.82,28.83
SORTS,295,44251,149,19.77,28.91,19.86,28.99
SORTS,296,44400,149,21.28,28.95,21.34,29.05
SORTS,297,44549,151,19.84,28.89,19.91,28.98
SORTS,298,44700,148,19.7,28.67,19.8,28.74
SORTS,299,44848,153,19.61,28.87,19.69,28.97
SORTS,300,45001,2,19.88,29.16,19.94,29.27
bl_lr,0,0,150,18.44,28.42,18.52,28.53
bl_lr,1,150,149,7.65,28.66,7.73,28.78
bl_lr,2,299,151,18.57,28.65,18.65,28.72
bl_lr,3,450,148,10.18,28.48,10.25,28.55
bl_lr,4,598,152,18.48,28.64,18.58,28.72
bl_lr,5,750,147,10.02,28.47,10.1,28.58
bl_lr,6,897,153,18.47,28.58,18.56,28.66
bl_lr,7,1050,151,16.11,28.73,16.2,28.8
bl_lr,8,1201,147,10.41,28.44,10.48,28.51
bl_lr,9,1348,152,18.3,28.57,18.38,28.65
bl_lr,10,1500,149,18.47,28.7,18.55,28.77
bl_lr,11,1649,152,18.45,28.64,18.53,28.73
bl_lr,12,1801,147,18.4,28.66,18.48,28.74
bl_lr,13,1948,152,18.31,28.6,18.39,28.68
bl_lr,14,2100,150,8.04,28.7,8.12,28.78
bl_lr,15,2250,150,9.38,28.51,9.46,28.61
bl_lr,16,2400,150,8.6,28.47,8.67,28.54
bl_lr,17,2550,147,18.48,28.53,18.56,28.64
bl_lr,18,2697,152,18.36,28.6,18.45,28.69
bl_lr,19,2849,148,8.93,28.46,8.99,28.55
bl_lr,20,2997,154,18.36,28.76,18.46,28.83
bl_lr,21,3151,147,8.96,28.63,9.07,28.72
bl_lr,22,3298,152,18.47,28.73,18.55,28.84
bl_lr,23,3450,151,9.4,28.39,9.46,28.51
bl_lr,24,3601,147,9.0,28.57,9.08,28.68
bl_lr,25,3748,152,18.35,28.55,18.43,28.63
bl_lr,26,3900,147,10.44,28.7,10.56,28.78
bl_lr,27,4047,152,18.42,28.5,18.51,28.6
bl_lr,28,4199,149,18.46,28.75,18.55,28.82
bl_lr,29,4348,151,18.4,28.66,18.48,28.74
bl_lr,30,4499,152,10.19,28.53,10.25,28.62
bl_lr,31,4651,148,8.78,28.38,8.86,28.49
bl_lr,32,4799,150,18.47,28.67,18.54,28.78
bl_lr,33,4949,147,18.41,28.68,18.5,28.78
bl_lr,34,5096,154,9.1,28.71,9.2,28.82
bl_lr,35,5250,147,9.81,28.43,9.91,28.51
bl_lr,36,5397,153,18.43,28.56,18.52,28.64
bl_lr,37,5550,149,18.4,28.61,18.5,28.69
bl_lr,38,5699,151,10.6,28.55,10.68,28.64
bl_lr,39,5850,151,8.36,28.43,8.45,28.52
bl_lr,40,6001,146,18.38,28.64,18.46,28.76
bl_lr,41,6147,153,18.41,28.52,18.49,28.61
bl_lr,42,6300,147,18.41,28.91,18.5,29.03
bl_lr,43,6447,153,18.55,28.69,18.63,28.77
bl_lr,44,6600,149,18.46,28.7,18.57,28.78
bl_lr,45,6749,151,10.47,28.57,10.59,28.67
bl_lr,46,6900,150,18.44,28.57,18.51,28.64
bl_lr,47,7050,150,18.34,28.67,18.43,28.75
bl_lr,48,7200,149,9.08,28.65,9.16,28.75
bl_lr,49,7349,149,7.56,28.61,7.66,28.71
bl_lr,50,7498,151,18.43,28.6,18.49,28.69
bl_lr,51,7649,149,9.15,28.41,9.23,28.5
bl_lr,52,7798,152,18.46,28.66,18.53,28.74
bl_lr,53,7950,148,18.39,28.63,18.41,28.69
bl_lr,54,8098,152,11.04,28.45,11.09,28.53
bl_lr,55,8250,150,9.58,28.6,9.7,28.68
bl_lr,56,8400,148,18.41,28.61,18.51,28.68
bl_lr,57,8548,153,18.29,28.42,18.35,28.52
bl_lr,58,8701,146,18.39,28.7,18.45,28.79
bl_lr,59,8847,151,10.24,28.42,10.3,28.5
bl_lr,60,8998,150,18.41,28.63,18.49,28.7
bl_lr,61,9148,152,18.31,28.69,18.4,28.79
bl_lr,62,9300,151,18.39,28.68,18.45,28.76
bl_lr,63,9451,148,9.96,28.58,10.02,28.68
bl_lr,64,9599,150,18.34,28.57,18.4,28.68
bl_lr,65,9749,148,8.54,28.44,8.63,28.54
bl_lr,66,9897,152,13.95,28.69,14.06,28.77
bl_lr,67,10049,149,7.57,28.56,7.65,28.62
bl_lr,68,10198,153,18.44,28.53,18.52,28.61
bl_lr,69,10351,148,9.76,28.59,9.88,28.68
bl_lr,70,10499,150,18.42,28.64,18.5,28.7
bl_lr,71,10649,150,18.44,28.59,18.52,28.66
bl_lr,72,10799,149,18.45,28.62,18.53,28.73
bl_lr,73,10948,153,18.46,28.64,18.53,28.74
bl_lr,74,11101,146,9.64,28.59,9.72,28.63
bl_lr,75,11247,152,18.48,28.58,18.57,28.64
bl_lr,76,11399,149,10.49,28.55,10.61,28.66
bl_lr,77,11548,152,10.61,28.52,10.68,28.6
bl_lr,78,11700,150,8.09,28.46,8.2,28.54
bl_lr,79,11850,150,9.11,28.56,9.21,28.65
bl_lr,80,12000,149,7.64,28.67,7.74,28.75
bl_lr,81,12149,149,18.54,28.75,18.64,28.84
bl_lr,82,12298,151,18.51,28.58,18.59,28.69
bl_lr,83,12449,148,14.53,28.66,14.63,28.75
bl_lr,84,12597,153,18.32,28.45,18.39,28.56
bl_lr,85,12750,148,18.38,28.7,18.46,28.77
bl_lr,86,12898,152,9.47,28.55,9.54,28.62
bl_lr,87,13050,150,18.4,28.59,18.49,28.68
bl_lr,88,13200,149,7.66,28.78,7.73,28.85
bl_lr,89,13349,152,18.43,28.52,18.51,28.64
bl_lr,90,13501,147,18.44,28.62,18.51,28.71
bl_lr,91,13648,151,18.43,28.57,18.52,28.65
bl_lr,92,13799,148,18.45,28.63,18.5,28.72
bl_lr,93,13947,151,18.44,28.59,18.52,28.68
bl_lr,94,14098,152,18.47,28.59,18.53,28.69
bl_lr,95,14250,150,18.4,28.61,18.5,28.7
bl_lr,96,14400,148,18.48,28.67,18.57,28.78
bl_lr,97,14548,150,9.42,28.48,9.48,28.58
bl_lr,98,14698,152,9.63,28.56,9.7,28.66
bl_lr,99,14850,146,8.68,28.54,8.76,28.62
bl_lr,100,14996,153,9.93,28.65,10.03,28.73
bl_lr,101,15149,149,10.33,28.72,10.4,28.81
bl_lr,102,15298,151,18.49,28.75,18.58,28.83
bl_lr,103,15449,152,18.35,28.62,18.45,28.7
bl_lr,104,15601,147,11.19,28.59,11.3,28.7
bl_lr,105,15748,151,8.76,28.43,8.8,28.51
bl_lr,106,15899,148,8.72,28.61,8.81,28.7
bl_lr,107,16047,152,7.93,28.55,8.05,28.64
bl_lr,108,16199,149,18.46,28.48,18.56,28.57
bl_lr,109,16348,153,9.81,28.54,9.88,28.65
bl_lr,110,16501,149,7.83,28.67,7.92,28.75
bl_lr,111,16650,149,18.43,28.47,18.49,28.57
bl_lr,112,16799,150,10.44,28.65,10.52,28.73
bl_lr,113,16949,149,18.47,28.51,18.57,28.61
bl_lr,114,17098,149,10.82,28.6,10.93,28.7
bl_lr,115,17247,150,18.42,28.66,18.51,28.76
bl_lr,116,17397,153,16.68,28.5,16.8,28.58
bl_lr,117,17550,148,18.33,28.47,18.43,28.58
bl_lr,118,17698,151,18.41,28.65,18.47,28.72
bl_lr,119,17849,150,18.44,28.61,18.51,28.67
bl_lr,120,17999,148,18.7,43.52,18.78,43.61
bl_lr,121,18147,151,29.73,53.03,29.79,53.13
bl_lr,122,18298,147,29.72,52.98,29.81,53.06
bl_lr,123,18445,154,29.18,52.95,29.25,53.03
bl_lr,124,18599,147,29.66,53.04,29.72,53.13
bl_lr,125,18746,151,29.37,53.08,29.47,53.16
bl_lr,126,18897,150,29.17,52.85,29.24,52.91
bl_lr,127,19047,150,29.66,53.17,29.74,53.25
bl_lr,128,19197,150,28.64,53.01,28.72,53.1
bl_lr,129,19347,150,29.16,52.89,29.24,52.96
bl_lr,130,19497,150,29.79,53.08,29.87,53.17
bl_lr,131,19647,149,29.64,53.08,29.71,53.16
bl_lr,132,19796,152,29.93,53.01,29.99,53.09
bl_lr,133,19948,146,29.55,52.93,29.63,53.04
bl_lr,134,20094,155,29.09,52.83,29.17,52.94
bl_lr,135,20249,149,29.71,52.98,29.78,53.05
bl_lr,136,20398,150,29.31,52.8,29.38,52.89
bl_lr,137,20548,149,29.21,52.84,29.27,52.95
bl_lr,138,20697,149,29.69,52.93,29.79,53.02
bl_lr,139,20846,153,28.98,52.82,29.08,52.92
bl_lr,140,20999,147,29.71,52.92,29.79,52.99
bl_lr,141,21146,151,29.55,52.97,29.7,53.07
bl_lr,142,21297,151,29.34,52.87,29.45,52.98
bl_lr,143,21448,149,29.63,52.94,29.71,53.02
bl_lr,144,21597,151,29.67,52.84,29.77,52.9
bl_lr,145,21748,147,28.87,53.07,28.95,53.15
bl_lr,146,21895,151,29.84,53.01,29.92,53.1
bl_lr,147,22046,150,28.87,52.95,28.96,53.08
bl_lr,148,22196,152,29.6,52.98,29.66,53.04
bl_lr,149,22348,148,29.69,52.87,29.75,52.95
bl_lr,150,22496,151,29.69,53.11,29.76,53.17
bl_lr,151,22647,150,29.32,52.93,29.38,53.04
bl_lr,152,22797,150,29.58,53.18,29.67,53.29
bl_lr,153,22947,151,29.54,52.83,29.6,52.92
bl_lr,154,23098,146,28.86,52.88,28.94,52.99
bl_lr,155,23244,154,29.7,52.88,29.73,52.95
bl_lr,156,23398,148,29.65,53.06,29.73,53.12
bl_lr,157,23546,152,29.09,52.87,29.17,52.94
bl_lr,158,23698,149,29.58,52.96,29.64,53.05
bl_lr,159,23847,151,29.66,52.9,29.76,53.0
bl_lr,160,23998,149,29.07,53.03,29.17,53.11
bl_lr,161,24147,148,29.69,53.03,29.8,53.09
bl_lr,162,24295,152,29.55,53.0,29.64,53.1
bl_lr,163,24447,150,29.56,52.95,29.62,53.05
bl_lr,164,24597,151,28.97,52.88,29.05,52.95
bl_lr,165,24748,149,29.76,53.02,29.83,53.09
bl_lr,166,24897,151,29.05,52.93,29.13,52.99
bl_lr,167,25048,150,29.65,52.89,29.73,52.97
bl_lr,168,25198,149,29.73,52.81,29.83,52.89
bl_lr,169,25347,150,28.8,52.9,28.91,52.98
bl_lr,170,25497,149,29.68,53.05,29.77,53.16
bl_lr,171,25646,152,29.74,53.15,29.8,53.22
bl_lr,172,25798,146,29.54,52.9,29.61,53.01
bl_lr,173,25944,153,29.45,52.84,29.52,52.92
bl_lr,174,26097,150,28.76,53.06,28.83,53.13
bl_lr,175,26247,151,29.78,52.82,29.87,52.9
bl_lr,176,26398,149,29.7,53.15,29.77,53.23
bl_lr,177,26547,149,29.55,52.81,29.63,52.91
bl_lr,178,26696,151,29.66,52.92,29.73,53.0
bl_lr,179,26847,149,29.06,52.89,29.16,52.99
bl_lr,180,26996,151,30.82,53.26,30.92,53.35
bl_lr,181,27147,148,33.35,53.06,33.45,53.15
bl_lr,182,27295,151,42.9,53.23,42.96,53.3
bl_lr,183,27446,150,35.12,53.14,35.19,53.21
bl_lr,184,27596,149,42.97,53.31,43.05,53.38
bl_lr,185,27745,151,35.47,53.11,35.54,53.19
bl_lr,186,27896,148,43.0,53.31,43.11,53.39
bl_lr,187,28044,152,42.93,53.22,43.01,53.26
bl_lr,188,28196,147,33.87,53.01,33.94,53.08
bl_lr,189,28343,154,35.33,53.26,35.38,53.33
bl_lr,190,28497,150,35.59,53.17,35.67,53.23
bl_lr,191,28647,149,42.95,53.12,43.01,53.19
bl_lr,192,28796,150,42.98,53.31,43.07,53.42
bl_lr,193,28946,148,42.98,53.17,43.07,53.27
bl_lr,194,29094,152,42.91,52.95,42.99,53.06
bl_lr,195,29246,148,43.11,53.23,43.19,53.31
bl_lr,196,29394,153,42.94,53.03,43.02,53.09
bl_lr,197,29547,146,34.52,53.25,34.63,53.33
bl_lr,198,29693,152,43.04,53.11,43.1,53.18
bl_lr,199,29845,150,42.93,53.07,43.03,53.14
bl_lr,200,29995,151,43.0,53.2,43.1,53.26
bl_lr,201,30146,149,33.55,53.25,33.62,53.32
bl_lr,202,30295,149,42.89,53.25,42.97,53.33
bl_lr,203,30444,152,43.0,53.14,43.08,53.22
bl_lr,204,30596,149,33.17,53.05,33.26,53.15
bl_lr,205,30745,151,42.86,53.22,42.94,53.32
bl_lr,206,30896,149,32.58,53.19,32.67,53.29
bl_lr,207,31045,150,33.16,53.2,33.23,53.28
bl_lr,208,31195,150,36.16,53.27,36.28,53.33
bl_lr,209,31345,148,43.01,53.15,43.07,53.22
bl_lr,210,31493,153,43.02,53.4,43.11,53.5
bl_lr,211,31646,148,43.07,53.33,43.15,53.41
bl_lr,212,31794,153,33.78,53.38,33.88,53.47
bl_lr,213,31947,148,42.97,53.27,43.06,53.35
bl_lr,214,32095,149,40.27,53.21,40.4,53.29
bl_lr,215,32244,153,32.53,53.02,32.63,53.09
bl_lr,216,32397,149,32.51,53.15,32.6,53.23
bl_lr,217,32546,150,42.9,53.21,42.95,53.29
bl_lr,218,32696,146,42.98,53.24,43.05,53.3
bl_lr,219,32842,153,43.03,53.21,43.11,53.29
bl_lr,220,32995,148,35.31,53.12,35.43,53.22
bl_lr,221,33143,153,33.08,52.94,33.19,53.05
bl_lr,222,33296,149,43.04,53.23,43.1,53.34
bl_lr,223,33445,151,33.93,53.12,34.01,53.23
bl_lr,224,33596,150,42.94,53.18,43.03,53.26
bl_lr,225,33746,146,42.91,53.3,42.99,53.38
bl_lr,226,33892,154,42.91,53.09,42.99,53.17
bl_lr,227,34046,149,43.03,53.07,43.14,53.17
bl_lr,228,34195,151,33.17,53.08,33.28,53.15
bl_lr,229,34346,149,33.0,53.21,33.12,53.27
bl_lr,230,34495,151,42.89,53.15,42.96,53.24
bl_lr,231,34646,150,33.21,53.09,33.3,53.19
bl_lr,232,34796,151,42.98,53.23,43.07,53.33
bl_lr,233,34947,149,43.03,53.15,43.11,53.24
bl_lr,234,35096,149,34.39,53.15,34.45,53.26
bl_lr,235,35245,151,43.12,53.26,43.2,53.33
bl_lr,236,35396,147,34.09,53.02,34.15,53.1
bl_lr,237,35543,152,42.96,53.08,43.05,53.14
bl_lr,238,35695,151,42.92,53.1,43.0,53.18
bl_lr,239,35846,151,43.04,53.2,43.13,53.29
bl_lr,240,35997,153,30.51,53.06,30.61,53.13
bl_lr,241,36150,149,18.47,28.64,18.56,28.72
bl_lr,242,36299,151,9.54,28.64,9.6,28.73
bl_lr,243,36450,148,18.47,28.63,18.56,28.67
bl_lr,244,36598,151,9.99,28.43,10.07,28.55
bl_lr,245,36749,150,9.96,28.71,10.05,28.8
bl_lr,246,36899,151,18.43,28.72,18.5,28.82
bl_lr,247,37050,150,18.4,28.5,18.47,28.56
bl_lr,248,37200,147,8.97,28.58,9.04,28.66
bl_lr,249,37347,153,18.49,28.68,18.58,28.77
bl_lr,250,37500,147,18.42,28.67,18.5,28.76
bl_lr,251,37647,151,18.46,28.47,18.54,28.6
bl_lr,252,37798,151,7.98,28.55,8.08,28.66
bl_lr,253,37949,151,18.45,28.58,18.53,28.66
bl_lr,254,38100,151,18.43,28.67,18.52,28.73
bl_lr,255,38251,149,18.46,28.67,18.54,28.78
bl_lr,256,38400,149,18.42,28.46,18.49,28.56
bl_lr,257,38549,150,18.37,28.64,18.45,28.72
bl_lr,258,38699,150,9.8,28.65,9.88,28.72
bl_lr,259,38849,149,12.95,28.52,13.04,28.62
bl_lr,260,38998,151,18.48,28.58,18.58,28.69
bl_lr,261,39149,149,18.46,28.55,18.54,28.63
bl_lr,262,39298,151,18.45,28.56,18.51,28.66
bl_lr,263,39449,152,18.37,28.7,18.46,28.77
bl_lr,264,39601,147,11.8,28.57,11.87,28.63
bl_lr,265,39748,152,10.05,28.57,10.14,28.66
bl_lr,266,39900,148,18.41,28.6,18.5,28.69
bl_lr,267,40048,152,18.48,28.66,18.55,28.73
bl_lr,268,40200,148,9.32,28.61,9.42,28.73
bl_lr,269,40348,152,18.5,28.67,18.57,28.75
bl_lr,270,40500,150,18.38,28.59,18.49,28.67
bl_lr,271,40650,150,10.29,28.58,10.42,28.68
bl_lr,272,40800,151,8.45,28.54,8.54,28.65
bl_lr,273,40951,147,18.38,28.66,18.46,28.73
bl_lr,274,41098,152,10.22,28.41,10.3,28.53
bl_lr,275,41250,148,8.49,28.63,8.55,28.71
bl_lr,276,41398,152,17.43,28.54,17.49,28.63
bl_lr,277,41550,149,9.18,28.71,9.26,28.8
bl_lr,278,41699,150,17.73,28.69,17.85,28.78
bl_lr,279,41849,151,10.28,28.56,10.36,28.66
bl_lr,280,42000,148,9.65,28.72,9.75,28.8
bl_lr,281,42148,152,18.5,28.62,18.59,28.7
bl_lr,282,42300,146,18.51,28.79,18.6,28.85
bl_lr,283,42446,154,16.84,28.46,16.95,28.57
bl_lr,284,42600,146,8.23,28.44,8.32,28.54
bl_lr,285,42746,153,18.44,28.55,18.53,28.64
bl_lr,286,42899,150,18.4,28.66,18.48,28.74
bl_lr,287,43049,150,18.41,28.6,18.51,28.7
bl_lr,288,43199,151,9.22,28.41,9.33,28.52
bl_lr,289,43350,148,18.48,28.77,18.55,28.85
bl_lr,290,43498,152,18.48,28.61,18.57,28.71
bl_lr,291,43650,149,13.47,28.62,13.57,28.69
bl_lr,292,43799,152,18.23,28.68,18.32,28.76
bl_lr,293,43951,149,11.43,28.64,11.52,28.75
bl_lr,294,44100,150,10.02,28.68,10.1,28.76
bl_lr,295,44250,150,9.21,28.73,9.31,28.83
bl_lr,296,44400,149,18.34,28.68,18.44,28.75
bl_lr,297,44549,151,9.4,28.74,9.51,28.85
bl_lr,298,44700,147,9.62,28.61,9.74,28.68
bl_lr,299,44847,151,18.53,28.46,18.59,28.53
bl_lr,300,44998,3,28.51,28.86,28.6,28.96
bl_loc_pri,0,0,148,10.09,23.14,10.21,23.24
bl_loc_pri,1,148,148,11.47,21.25,11.54,21.32
bl_loc_pri,2,296,153,13.82,79.67,13.93,79.77
bl_loc_pri,3,449,147,9.92,18.44,10.03,18.57
bl_loc_pri,4,596,153,11.2,26.7,11.31,26.81
bl_loc_pri,5,749,146,10.88,22.48,10.96,22.61
bl_loc_pri,6,895,155,10.71,31.32,10.78,31.43
bl_loc_pri,7,1050,149,10.46,24.22,10.55,24.33
bl_loc_pri,8,1199,148,10.26,22.02,10.37,22.12
bl_loc_pri,9,1347,152,11.04,22.99,11.18,23.09
bl_loc_pri,10,1499,148,9.68,19.07,9.79,19.17
bl_loc_pri,11,1647,151,11.24,24.05,11.35,24.14
bl_loc_pri,12,1798,148,11.71,81.47,11.79,81.59
bl_loc_pri,13,1946,153,11.84,26.21,11.91,26.23
bl_loc_pri,14,2099,150,12.13,23.57,12.23,23.65
bl_loc_pri,15,2249,151,10.92,35.4,11.01,35.5
bl_loc_pri,16,2400,148,11.57,22.51,11.64,22.59
bl_loc_pri,17,2548,148,10.03,22.47,10.13,22.59
bl_loc_pri,18,2696,152,11.81,20.36,11.91,20.48
bl_loc_pri,19,2848,148,10.3,19.8,10.41,19.91
bl_loc_pri,20,2996,153,11.45,23.13,11.57,23.28
bl_loc_pri,21,3149,148,12.88,84.0,12.97,84.09
bl_loc_pri,22,3297,151,12.66,29.83,12.77,29.94
bl_loc_pri,23,3448,151,10.57,21.9,10.66,22.0
bl_loc_pri,24,3599,148,9.88,25.71,9.99,25.83
bl_loc_pri,25,3747,152,11.6,19.48,11.71,19.58
bl_loc_pri,26,3899,147,10.3,21.65,10.42,21.73
bl_loc_pri,27,4046,153,11.37,20.88,11.47,20.97
bl_loc_pri,28,4199,148,10.08,21.59,10.19,21.67
bl_loc_pri,29,4347,151,10.94,28.45,11.05,28.52
bl_loc_pri,30,4498,151,11.37,21.2,11.47,21.27
bl_loc_pri,31,4649,149,10.7,25.92,10.81,26.03
bl_loc_pri,32,4798,150,12.61,42.4,12.69,42.52
bl_loc_pri,33,4948,148,10.34,23.23,10.42,23.34
bl_loc_pri,34,5096,153,11.85,23.89,11.96,23.97
bl_loc_pri,35,5249,148,10.0,23.52,10.08,23.57
bl_loc_pri,36,5397,152,11.31,22.42,11.43,22.44
bl_loc_pri,37,5549,147,10.35,21.88,10.48,21.95
bl_loc_pri,38,5696,154,10.6,26.27,10.71,26.35
bl_loc_pri,39,5850,149,11.19,20.35,11.28,20.46
bl_loc_pri,40,5999,148,9.88,31.09,9.98,31.16
bl_loc_pri,41,6147,152,9.68,17.48,9.76,17.56
bl_loc_pri,42,6299,148,10.83,51.08,10.91,51.16
bl_loc_pri,43,6447,152,10.19,26.0,10.3,26.07
bl_loc_pri,44,6599,147,10.41,23.14,10.49,23.24
bl_loc_pri,45,6746,152,12.44,28.23,12.54,28.31
bl_loc_pri,46,6898,151,10.33,19.75,10.41,19.82
bl_loc_pri,47,7049,150,10.15,25.8,10.23,25.88
bl_loc_pri,48,7199,149,11.75,20.36,11.84,20.44
bl_loc_pri,49,7348,148,10.56,18.79,10.67,18.86
bl_loc_pri,50,7496,154,11.62,23.87,11.73,23.95
bl_loc_pri,51,7650,147,10.15,26.57,10.26,26.68
bl_loc_pri,52,7797,152,12.29,55.16,12.4,55.27
bl_loc_pri,53,7949,147,11.1,19.49,11.18,19.56
bl_loc_pri,54,8096,154,10.76,28.38,10.85,28.46
bl_loc_pri,55,8250,149,10.12,22.01,10.23,22.09
bl_loc_pri,56,8399,148,10.37,24.07,10.47,24.15
bl_loc_pri,57,8547,152,10.1,17.84,10.24,17.95
bl_loc_pri,58,8699,147,9.98,20.25,10.08,20.37
bl_loc_pri,59,8846,153,10.02,25.56,10.12,25.64
bl_loc_pri,60,8999,148,10.04,21.69,10.14,21.77
bl_loc_pri,61,9147,152,10.63,24.2,10.71,24.28
bl_loc_pri,62,9299,148,11.46,54.33,11.55,54.45
bl_loc_pri,63,9447,153,10.11,26.37,10.19,26.48
bl_loc_pri,64,9600,148,10.7,20.46,10.77,20.56
bl_loc_pri,65,9748,149,10.42,22.39,10.54,22.51
bl_loc_pri,66,9897,152,11.13,21.75,11.23,21.86
bl_loc_pri,67,10049,147,10.48,27.63,10.59,27.7
bl_loc_pri,68,10196,152,10.29,25.15,10.32,25.23
bl_loc_pri,69,10348,148,11.26,28.08,11.35,28.19
bl_loc_pri,70,10496,154,10.04,27.52,10.16,27.61
bl_loc_pri,71,10650,148,10.3,22.83,10.39,22.91
bl_loc_pri,72,10798,149,12.24,51.86,12.35,51.97
bl_loc_pri,73,10947,153,10.27,19.97,10.35,20.09
bl_loc_pri,74,11100,146,11.9,25.17,12.01,25.25
bl_loc_pri,75,11246,153,11.77,22.65,11.85,22.78
bl_loc_pri,76,11399,147,10.16,19.9,10.25,20.02
bl_loc_pri,77,11546,153,11.15,27.98,11.22,28.1
bl_loc_pri,78,11699,149,10.45,23.35,10.52,23.46
bl_loc_pri,79,11848,152,10.63,24.33,10.74,24.45
bl_loc_pri,80,12000,149,10.45,22.91,10.54,22.99
bl_loc_pri,81,12149,148,9.75,23.41,9.84,23.49
bl_loc_pri,82,12297,152,13.82,55.4,13.9,55.45
bl_loc_pri,83,12449,147,10.75,28.13,10.79,28.23
bl_loc_pri,84,12596,153,11.14,25.16,11.22,25.23
bl_loc_pri,85,12749,148,10.65,23.11,10.74,23.23
bl_loc_pri,86,12897,152,11.76,25.51,11.89,25.59
bl_loc_pri,87,13049,150,10.64,21.95,10.76,22.03
bl_loc_pri,88,13199,147,11.31,23.19,11.39,23.27
bl_loc_pri,89,13346,153,13.77,36.82,13.88,36.91
bl_loc_pri,90,13499,148,12.1,27.25,12.18,27.33
bl_loc_pri,91,13647,152,11.46,21.58,11.59,21.66
bl_loc_pri,92,13799,149,11.73,53.61,11.8,53.67
bl_loc_pri,93,13948,151,11.38,25.63,11.46,25.71
bl_loc_pri,94,14099,150,10.83,19.45,10.91,19.52
bl_loc_pri,95,14249,150,10.46,23.36,10.57,23.47
bl_loc_pri,96,14399,150,9.99,21.93,10.07,22.01
bl_loc_pri,97,14549,146,10.19,24.51,10.27,24.63
bl_loc_pri,98,14695,154,11.39,22.75,11.47,22.82
bl_loc_pri,99,14849,147,9.8,24.42,9.92,24.53
bl_loc_pri,100,14996,152,11.29,26.77,11.36,26.86
bl_loc_pri,101,15148,149,10.05,20.46,10.13,20.58
bl_loc_pri,102,15297,152,12.56,75.75,12.66,75.88
bl_loc_pri,103,15449,150,10.76,23.18,10.84,23.29
bl_loc_pri,104,15599,148,10.32,21.53,10.35,21.64
bl_loc_pri,105,15747,152,12.83,22.79,12.9,22.83
bl_loc_pri,106,15899,147,10.51,22.58,10.59,22.69
bl_loc_pri,107,16046,153,11.87,26.95,11.96,27.05
bl_loc_pri,108,16199,147,10.24,25.69,10.35,25.77
bl_loc_pri,109,16346,152,10.6,32.76,10.68,32.87
bl_loc_pri,110,16498,150,10.34,21.39,10.46,21.52
bl_loc_pri,111,16648,151,10.2,31.55,10.31,31.64
bl_loc_pri,112,16799,149,13.14,51.24,13.21,51.31
bl_loc_pri,113,16948,148,10.78,20.63,10.86,20.73
bl_loc_pri,114,17096,152,12.38,27.27,12.49,27.35
bl_loc_pri,115,17248,149,9.74,23.1,9.85,23.21
bl_loc_pri,116,17397,152,11.33,26.14,11.41,26.22
bl_loc_pri,117,17549,147,10.77,19.69,10.89,19.79
bl_loc_pri,118,17696,153,10.45,30.85,10.57,30.97
bl_loc_pri,119,17849,149,10.45,20.36,10.58,20.45
bl_loc_pri,120,17998,148,12.86,39.88,12.99,39.96
bl_loc_pri,121,18146,151,28.89,43.13,28.93,43.24
bl_loc_pri,122,18297,148,32.91,77.88,32.93,77.96
bl_loc_pri,123,18445,152,31.08,43.9,31.16,44.01
bl_loc_pri,124,18597,149,31.16,46.09,31.28,46.2
bl_loc_pri,125,18746,151,32.21,44.55,32.32,44.63
bl_loc_pri,126,18897,149,25.34,42.76,25.45,42.87
bl_loc_pri,127,19046,152,32.01,43.67,32.08,43.77
bl_loc_pri,128,19198,149,31.24,43.1,31.32,43.21
bl_loc_pri,129,19347,148,31.26,41.41,31.37,41.52
bl_loc_pri,130,19495,151,31.55,42.75,31.63,42.82
bl_loc_pri,131,19646,149,31.63,48.15,31.74,48.22
bl_loc_pri,132,19795,152,32.99,84.07,33.06,84.15
bl_loc_pri,133,19947,148,31.31,41.29,31.43,41.45
bl_loc_pri,134,20095,152,32.13,47.86,32.21,47.93
bl_loc_pri,135,20247,150,32.01,43.67,32.04,43.74
bl_loc_pri,136,20397,148,32.29,42.07,32.37,42.15
bl_loc_pri,137,20545,152,31.15,42.16,31.23,42.3
bl_loc_pri,138,20697,148,30.78,40.24,30.86,40.31
bl_loc_pri,139,20845,152,31.23,43.47,31.3,43.59
bl_loc_pri,140,20997,148,31.91,43.08,31.97,43.19
bl_loc_pri,141,21145,152,30.95,43.59,31.03,43.67
bl_loc_pri,142,21297,149,32.59,74.75,32.66,74.79
bl_loc_pri,143,21446,151,32.25,44.45,32.27,44.51
bl_loc_pri,144,21597,150,27.03,45.53,27.13,45.64
bl_loc_pri,145,21747,148,32.08,41.27,32.15,41.34
bl_loc_pri,146,21895,153,31.64,42.37,31.75,42.45
bl_loc_pri,147,22048,147,31.94,44.82,32.05,44.89
bl_loc_pri,148,22195,152,31.06,44.85,31.14,44.91
bl_loc_pri,149,22347,148,32.2,42.18,32.27,42.26
bl_loc_pri,150,22495,152,31.69,47.08,31.77,47.15
bl_loc_pri,151,22647,149,30.91,42.41,31.02,42.49
bl_loc_pri,152,22796,150,32.69,74.08,32.75,74.2
bl_loc_pri,153,22946,151,25.79,40.7,25.87,40.81
bl_loc_pri,154,23097,148,32.1,45.96,32.18,46.05
bl_loc_pri,155,23245,152,31.64,42.45,31.72,42.52
bl_loc_pri,156,23397,148,32.27,42.54,32.35,42.62
bl_loc_pri,157,23545,152,31.16,46.27,31.2,46.35
bl_loc_pri,158,23697,149,30.87,44.48,30.89,44.59
bl_loc_pri,159,23846,152,32.48,43.53,32.54,43.61
bl_loc_pri,160,23998,148,31.16,43.5,31.24,43.58
bl_loc_pri,161,24146,149,31.59,46.69,31.61,46.8
bl_loc_pri,162,24295,152,32.81,67.31,32.89,67.38
bl_loc_pri,163,24447,147,31.74,42.74,31.81,42.81
bl_loc_pri,164,24594,153,31.48,45.34,31.56,45.45
bl_loc_pri,165,24747,148,32.2,49.98,32.31,50.05
bl_loc_pri,166,24895,152,32.23,42.31,32.24,42.39
bl_loc_pri,167,25047,150,26.86,41.73,26.97,41.82
bl_loc_pri,168,25197,149,32.33,46.47,32.38,46.51
bl_loc_pri,169,25346,152,31.64,41.72,31.71,41.82
bl_loc_pri,170,25498,147,31.27,42.47,31.38,42.55
bl_loc_pri,171,25645,152,32.22,43.92,32.23,43.99
bl_loc_pri,172,25797,148,32.73,80.08,32.81,80.17
bl_loc_pri,173,25945,152,31.17,44.51,31.25,44.59
bl_loc_pri,174,26097,149,31.71,43.19,31.78,43.27
bl_loc_pri,175,26246,151,32.12,45.91,32.23,45.99
bl_loc_pri,176,26397,150,31.95,43.56,32.07,43.67
bl_loc_pri,177,26547,147,30.18,43.97,30.26,44.08
bl_loc_pri,178,26694,153,31.98,44.0,32.06,44.07
bl_loc_pri,179,26847,148,31.71,43.98,31.79,44.06
bl_loc_pri,180,26995,149,33.16,44.88,33.24,44.95
bl_loc_pri,181,27144,149,36.85,48.93,36.94,49.01
bl_loc_pri,182,27293,153,37.87,101.2,37.97,101.28
bl_loc_pri,183,27446,149,35.72,50.27,35.8,50.35
bl_loc_pri,184,27595,150,35.21,44.39,35.29,44.47
bl_loc_pri,185,27745,149,35.62,44.22,35.7,44.26
bl_loc_pri,186,27894,149,35.04,47.43,35.14,47.53
bl_loc_pri,187,28043,152,36.69,48.49,36.75,48.6
bl_loc_pri,188,28195,148,36.5,49.41,36.57,49.52
bl_loc_pri,189,28343,152,34.99,49.04,35.09,49.15
bl_loc_pri,190,28495,149,35.2,46.58,35.27,46.7
bl_loc_pri,191,28644,151,35.51,49.74,35.62,49.84
bl_loc_pri,192,28795,151,37.3,87.27,37.41,87.35
bl_loc_pri,193,28946,147,35.23,46.27,35.31,46.34
bl_loc_pri,194,29093,152,36.74,51.38,36.83,51.42
bl_loc_pri,195,29245,148,36.58,45.49,36.65,45.57
bl_loc_pri,196,29393,152,36.16,49.56,36.24,49.67
bl_loc_pri,197,29545,148,35.96,48.47,36.05,48.55
bl_loc_pri,198,29693,153,34.87,52.19,34.92,52.3
bl_loc_pri,199,29846,149,35.23,48.11,35.33,48.19
bl_loc_pri,200,29995,150,35.82,44.28,35.91,44.36
bl_loc_pri,201,30145,151,35.31,45.87,35.39,45.98
bl_loc_pri,202,30296,147,42.4,97.88,42.48,97.98
bl_loc_pri,203,30443,152,36.68,49.08,36.75,49.16
bl_loc_pri,204,30595,148,36.52,49.82,36.6,49.89
bl_loc_pri,205,30743,153,36.45,55.5,36.57,55.58
bl_loc_pri,206,30896,148,36.09,47.2,36.2,47.3
bl_loc_pri,207,31044,151,35.52,49.96,35.64,50.05
bl_loc_pri,208,31195,151,35.69,47.72,35.76,47.8
bl_loc_pri,209,31346,146,35.05,52.26,35.11,52.33
bl_loc_pri,210,31492,152,42.98,60.8,43.05,60.87
bl_loc_pri,211,31644,150,34.93,46.25,35.01,46.36
bl_loc_pri,212,31794,151,38.13,101.68,38.21,101.76
bl_loc_pri,213,31945,148,35.6,49.32,35.68,49.39
bl_loc_pri,214,32093,151,35.81,50.13,35.88,50.21
bl_loc_pri,215,32244,150,34.97,49.16,35.06,49.18
bl_loc_pri,216,32394,150,36.33,50.55,36.35,50.62
bl_loc_pri,217,32544,151,34.89,42.9,34.97,42.98
bl_loc_pri,218,32695,147,35.13,48.02,35.25,48.1
bl_loc_pri,219,32842,153,35.95,47.35,36.03,47.43
bl_loc_pri,220,32995,148,34.85,46.65,34.93,46.74
bl_loc_pri,221,33143,153,34.66,48.81,34.74,48.88
bl_loc_pri,222,33296,148,37.62,100.99,37.7,101.15
bl_loc_pri,223,33444,151,35.33,52.62,35.44,52.7
bl_loc_pri,224,33595,150,35.57,53.07,35.65,53.15
bl_loc_pri,225,33745,148,37.76,52.92,37.83,52.99
bl_loc_pri,226,33893,152,36.04,50.41,36.11,50.49
bl_loc_pri,227,34045,149,35.02,46.89,35.14,46.97
bl_loc_pri,228,34194,151,35.53,51.88,35.64,51.95
bl_loc_pri,229,34345,148,35.7,47.93,35.8,48.01
bl_loc_pri,230,34493,152,35.91,54.23,36.02,54.34
bl_loc_pri,231,34645,149,35.12,49.08,35.23,49.19
bl_loc_pri,232,34794,151,38.45,88.78,38.57,89.79
bl_loc_pri,233,34945,151,36.02,46.11,36.14,46.21
bl_loc_pri,234,35096,147,35.45,46.58,35.52,46.66
bl_loc_pri,235,35243,152,36.42,47.18,36.52,47.26
bl_loc_pri,236,35395,148,35.69,53.41,35.86,53.52
bl_loc_pri,237,35543,153,34.98,51.34,35.08,51.42
bl_loc_pri,238,35696,148,35.12,44.41,35.22,44.49
bl_loc_pri,239,35844,151,35.02,47.59,35.13,47.67
bl_loc_pri,240,35995,154,33.68,42.9,33.86,43.8
bl_loc_pri,241,36149,147,10.45,21.22,10.56,21.35
bl_loc_pri,242,36296,152,14.28,72.73,14.35,72.76
bl_loc_pri,243,36448,149,10.85,22.59,10.96,22.67
bl_loc_pri,244,36597,151,10.23,22.08,10.32,22.18
bl_loc_pri,245,36748,149,10.99,23.29,11.07,23.38
bl_loc_pri,246,36897,151,12.03,28.53,12.13,28.64
bl_loc_pri,247,37048,151,11.16,21.67,11.27,21.75
bl_loc_pri,248,37199,147,10.19,22.64,10.3,22.66
bl_loc_pri,249,37346,154,9.83,21.71,9.93,21.79
bl_loc_pri,250,37500,147,10.22,25.33,10.34,25.38
bl_loc_pri,251,37647,152,11.2,28.15,11.28,28.23
bl_loc_pri,252,37799,149,11.17,73.66,11.23,73.72
bl_loc_pri,253,37948,150,12.01,27.89,12.09,27.93
bl_loc_pri,254,38098,150,11.47,23.09,11.57,23.18
bl_loc_pri,255,38248,151,12.15,27.9,12.23,28.01
bl_loc_pri,256,38399,150,10.13,20.69,10.21,20.8
bl_loc_pri,257,38549,148,10.34,24.32,10.45,24.44
bl_loc_pri,258,38697,151,11.3,21.52,11.44,21.6
bl_loc_pri,259,38848,148,10.92,24.1,11.03,24.21
bl_loc_pri,260,38996,153,11.39,26.38,11.49,26.47
bl_loc_pri,261,39149,148,11.27,23.15,11.39,23.26
bl_loc_pri,262,39297,152,13.79,91.61,13.87,91.71
bl_loc_pri,263,39449,150,10.66,19.73,10.76,19.81
bl_loc_pri,264,39599,147,10.47,22.79,10.58,22.9
bl_loc_pri,265,39746,154,10.56,22.46,10.61,22.53
bl_loc_pri,266,39900,147,10.11,23.47,10.17,23.57
bl_loc_pri,267,40047,151,12.16,24.66,12.27,24.76
bl_loc_pri,268,40198,148,11.21,24.87,11.3,24.97
bl_loc_pri,269,40346,153,10.07,25.21,10.15,25.32
bl_loc_pri,270,40499,149,10.79,21.54,10.91,21.61
bl_loc_pri,271,40648,151,10.44,26.36,10.55,26.48
bl_loc_pri,272,40799,149,12.75,81.13,12.86,81.17
bl_loc_pri,273,40948,148,10.21,21.58,10.35,21.69
bl_loc_pri,274,41096,154,11.03,22.4,11.14,22.52
bl_loc_pri,275,41250,146,10.03,22.69,10.11,22.8
bl_loc_pri,276,41396,153,11.37,25.68,11.48,25.79
bl_loc_pri,277,41549,148,10.13,21.66,10.26,21.77
bl_loc_pri,278,41697,152,12.1,30.0,12.18,30.11
bl_loc_pri,279,41849,150,11.2,23.62,11.27,23.72
bl_loc_pri,280,41999,148,11.96,25.59,12.09,25.7
bl_loc_pri,281,42147,152,10.79,19.06,10.87,19.15
bl_loc_pri,282,42299,147,13.07,84.6,13.16,84.71
bl_loc_pri,283,42446,152,12.14,23.47,12.25,23.58
bl_loc_pri,284,42598,149,11.46,23.42,11.54,23.53
bl_loc_pri,285,42747,151,13.91,29.43,14.03,29.54
bl_loc_pri,286,42898,149,10.65,22.88,10.73,22.9
bl_loc_pri,287,43047,151,10.64,28.48,10.75,28.56
bl_loc_pri,288,43198,151,10.45,22.1,10.53,22.21
bl_loc_pri,289,43349,148,10.29,24.82,10.4,24.93
bl_loc_pri,290,43497,152,11.49,23.62,11.61,23.74
bl_loc_pri,291,43649,148,10.72,22.57,10.83,22.67
bl_loc_pri,292,43797,152,13.67,85.78,13.78,85.85
bl_loc_pri,293,43949,147,10.04,22.11,10.08,22.23
bl_loc_pri,294,44096,153,10.53,28.52,10.57,28.59
bl_loc_pri,295,44249,150,10.54,23.29,10.63,23.38
bl_loc_pri,296,44399,148,10.94,26.35,11.03,26.41
bl_loc_pri,297,44547,153,10.69,19.9,10.77,20.02
bl_loc_pri,298,44700,146,10.18,24.58,10.27,24.66
bl_loc_pri,299,44846,153,10.98,25.13,11.06,25.2
bl_loc_pri,300,44999,1,8.98,8.98,9.06,9.06
