t_rel_s,cohort,class,slack_S1,slack_S2,slack_S3,observed_rate_kbit,d_acc_ms,subset_cluster
-63.65,c1,search,31.1,20.71,10.98,,0.0,sub_s23
-62.65,c1,search,31.1,20.71,10.98,,0.0,sub_s23
-61.65,c1,search,31.1,20.71,10.98,,0.0,sub_s23
-60.65,c1,search,31.1,20.71,10.98,,0.0,sub_s23
-59.65,c1,search,31.1,20.71,10.98,,0.0,sub_s23
-58.64,c1,search,31.1,20.71,10.98,,0.0,sub_s23
-57.64,c1,search,31.1,18.06,11.13,,0.0,sub_s23
-56.64,c1,search,31.1,18.03,11.22,,0.0,sub_s23
-55.65,c1,search,31.1,17.03,11.26,,0.0,sub_s23
-54.64,c1,search,31.1,17.31,11.31,,0.0,sub_s23
-53.64,c1,search,31.1,17.84,11.29,,0.0,sub_s23
-52.64,c1,search,31.1,17.6,11.24,,0.0,sub_s23
-51.64,c1,search,31.1,17.83,11.22,,0.0,sub_s23
-50.64,c1,search,31.1,18.07,11.22,,0.0,sub_s23
-49.64,c1,search,31.1,18.07,11.38,,0.0,sub_s23
-48.64,c1,search,31.1,18.14,11.32,,0.0,sub_s23
-47.64,c1,search,31.1,17.42,11.36,,0.0,sub_s23
-46.64,c1,search,31.1,17.01,11.21,,0.0,sub_s23
-45.64,c1,search,31.1,16.97,11.34,,0.0,sub_s23
-44.64,c1,search,31.1,17.41,11.36,,0.0,sub_s23
-43.64,c1,search,31.1,17.47,11.26,,0.0,sub_s23
-42.64,c1,search,31.1,17.65,11.31,,0.0,sub_s23
-41.64,c1,search,31.1,18.0,11.24,,0.0,sub_s23
-40.64,c1,search,31.1,18.12,11.15,,0.0,sub_s23
-39.64,c1,search,31.1,17.86,11.24,,0.0,sub_s23
-38.64,c1,search,31.1,17.21,11.39,,0.0,sub_s23
-37.64,c1,search,31.1,17.62,11.36,,0.0,sub_s23
-36.64,c1,search,31.1,17.67,11.32,,0.0,sub_s23
-35.64,c1,search,31.1,17.54,11.26,,0.0,sub_s23
-34.64,c1,search,31.1,18.43,11.35,,0.0,sub_s23
-33.64,c1,search,31.1,18.27,11.3,,0.0,sub_s23
-32.64,c1,search,31.1,17.9,11.22,,0.0,sub_s23
-31.64,c1,search,31.1,17.72,11.2,,0.0,sub_s23
-30.64,c1,search,31.1,17.3,11.32,,0.0,sub_s23
-29.64,c1,search,31.1,16.95,11.41,,0.0,sub_s23
-28.64,c1,search,31.1,16.3,11.41,,0.0,sub_s23
-27.64,c1,search,31.1,16.96,11.13,,0.0,sub_s23
-26.64,c1,search,31.1,16.82,11.09,,0.0,sub_s23
-25.64,c1,search,31.1,17.91,11.24,,0.0,sub_s23
-24.64,c1,search,31.1,17.99,11.33,,0.0,sub_s23
-23.64,c1,search,31.1,18.45,11.4,,0.0,sub_s23
-22.64,c1,search,31.1,18.62,11.4,,0.0,sub_s23
-21.64,c1,search,31.1,17.8,11.43,,0.0,sub_s23
-20.64,c1,search,31.1,17.74,11.35,,0.0,sub_s23
-19.65,c1,search,31.1,15.4,11.16,,0.0,sub_s23
-18.64,c1,search,31.1,15.28,11.16,,0.0,sub_s23
-17.64,c1,search,31.1,17.85,11.35,,0.0,sub_s23
-16.64,c1,search,31.1,17.68,11.36,,0.0,sub_s23
-15.64,c1,search,31.1,17.61,11.36,,0.0,sub_s23
-14.64,c1,search,31.1,17.8,11.42,,0.0,sub_s23
-13.64,c1,search,31.1,17.26,11.43,,0.0,sub_s23
-12.64,c1,search,31.1,17.81,11.44,,0.0,sub_s23
-11.64,c1,search,31.1,18.15,11.29,,0.0,sub_s23
-10.64,c1,search,31.1,17.01,11.3,,0.0,sub_s23
-9.64,c1,search,31.1,16.46,11.24,,0.0,sub_s23
-8.64,c1,search,31.1,17.08,11.24,,0.0,sub_s23
-7.64,c1,search,31.1,17.63,11.26,,0.0,sub_s23
-6.64,c1,search,31.1,17.65,11.37,,0.0,sub_s23
-5.64,c1,search,31.1,18.16,11.35,,0.0,sub_s23
-4.64,c1,search,31.1,17.24,11.19,,0.0,sub_s23
-3.64,c1,search,31.1,17.0,11.31,,0.0,sub_s23
-2.64,c1,search,31.1,17.83,11.31,,0.0,sub_s23
-1.64,c1,search,31.1,18.02,11.25,,0.0,sub_s23
-0.64,c1,search,31.1,16.91,11.23,,0.0,sub_s23
0.36,c1,search,31.1,16.53,11.23,,0.0,sub_s23
1.36,c1,search,31.1,15.95,10.6,,0.0,sub_s23
2.36,c1,search,31.1,16.67,10.43,,0.0,sub_s23
3.36,c1,search,31.1,17.54,11.06,,0.0,sub_s23
4.36,c1,search,31.1,17.73,11.31,,0.0,sub_s23
5.36,c1,search,31.1,17.93,11.44,,0.0,sub_s23
6.36,c1,search,31.1,18.15,11.3,,0.0,sub_s23
7.36,c1,search,31.1,17.75,11.2,,0.0,sub_s23
8.36,c1,search,31.1,18.37,11.28,,0.0,sub_s23
9.36,c1,search,31.1,18.29,11.35,,0.0,sub_s23
10.36,c1,search,31.1,17.09,11.32,,0.0,sub_s23
11.36,c1,search,31.1,17.33,11.15,,0.0,sub_s23
12.36,c1,search,31.1,17.99,10.94,,0.0,sub_s23
13.36,c1,search,31.1,18.11,11.25,,0.0,sub_s23
14.36,c1,search,31.1,18.01,11.25,,0.0,sub_s23
15.36,c1,search,31.1,16.69,11.21,,0.0,sub_s23
16.36,c1,search,31.1,17.05,11.17,,0.0,sub_s23
17.36,c1,search,31.1,18.15,11.16,,0.0,sub_s23
18.36,c1,search,31.1,16.46,11.15,,0.0,sub_s23
19.36,c1,search,31.1,16.57,11.19,,0.0,sub_s23
20.36,c1,search,31.1,17.6,11.37,,0.0,sub_s23
21.36,c1,search,31.1,17.64,11.32,,0.0,sub_s23
22.36,c1,search,31.1,17.72,11.22,,0.0,sub_s23
23.36,c1,search,31.1,17.5,11.2,,0.0,sub_s23
24.36,c1,search,31.1,17.71,11.3,,0.0,sub_s23
25.36,c1,search,31.1,17.74,11.31,,0.0,sub_s23
26.36,c1,search,31.1,17.49,11.28,,0.0,sub_s23
27.35,c1,search,31.1,17.88,11.34,,0.0,sub_s23
28.35,c1,search,31.1,18.16,11.28,,0.0,sub_s23
29.36,c1,search,31.1,18.23,11.26,,0.0,sub_s23
30.35,c1,search,31.1,17.53,11.4,,0.0,sub_s23
31.36,c1,search,31.1,17.82,11.25,,0.0,sub_s23
32.36,c1,search,31.1,17.94,11.15,,0.0,sub_s23
33.36,c1,search,31.1,17.76,11.27,,0.0,sub_s23
34.36,c1,search,31.1,18.01,11.29,,0.0,sub_s23
35.36,c1,search,31.1,18.23,11.15,,0.0,sub_s23
36.35,c1,search,31.1,18.21,11.26,,0.0,sub_s23
37.35,c1,search,31.1,18.09,11.33,,0.0,sub_s23
38.35,c1,search,31.1,18.55,11.21,,0.0,sub_s23
39.35,c1,search,31.1,17.78,11.27,,0.0,sub_s23
40.35,c1,search,31.1,17.36,11.32,,0.0,sub_s23
41.35,c1,search,31.1,17.64,11.25,,0.0,sub_s23
42.35,c1,search,31.1,17.98,11.25,,0.0,sub_s23
43.35,c1,search,31.1,17.91,11.34,,0.0,sub_s23
44.35,c1,search,31.1,17.75,11.44,,0.0,sub_s23
45.35,c1,search,31.1,17.06,11.28,,0.0,sub_s23
46.35,c1,search,31.1,18.3,11.28,,0.0,sub_s23
47.35,c1,search,31.1,17.58,11.21,,0.0,sub_s23
48.36,c1,search,31.1,18.04,11.0,,0.0,sub_s23
49.35,c1,search,31.1,17.69,11.04,,0.0,sub_s23
50.35,c1,search,31.1,17.32,11.16,,0.0,sub_s23
51.35,c1,search,31.1,16.48,11.24,,0.0,sub_s23
52.35,c1,search,31.1,17.22,11.29,,0.0,sub_s23
53.35,c1,search,31.1,17.88,11.2,,0.0,sub_s23
54.35,c1,search,31.1,17.82,11.22,,0.0,sub_s23
55.35,c1,search,31.1,17.21,11.18,,0.0,sub_s23
56.35,c1,search,31.1,17.59,11.18,,0.0,sub_s23
57.36,c1,search,31.1,18.28,11.18,,0.0,sub_s23
58.36,c1,search,31.1,17.95,11.23,,0.0,sub_s23
59.36,c1,search,31.1,16.07,11.27,,0.0,sub_s23
60.36,c1,search,31.1,15.91,11.5,,0.0,sub_s23
61.36,c1,search,31.1,16.8,11.37,,0.0,sub_s23
62.36,c1,search,31.1,17.98,11.21,,0.0,sub_s23
63.36,c1,search,31.1,18.11,11.27,,0.0,sub_s23
64.36,c1,search,31.1,17.63,11.29,,0.0,sub_s23
65.36,c1,search,31.1,17.96,11.29,,0.0,sub_s23
66.36,c1,search,31.1,18.01,11.0,,0.0,sub_s23
67.36,c1,search,31.1,17.8,11.09,,0.0,sub_s23
68.36,c1,search,31.1,17.96,11.26,,0.0,sub_s23
69.36,c1,search,31.1,17.88,11.27,,0.0,sub_s23
70.36,c1,search,31.1,17.81,11.26,,0.0,sub_s23
71.36,c1,search,31.1,17.96,11.31,,0.0,sub_s23
72.36,c1,search,31.1,17.45,11.33,,0.0,sub_s23
73.36,c1,search,31.1,16.71,11.23,,0.0,sub_s23
74.36,c1,search,31.1,16.13,11.17,,0.0,sub_s23
75.36,c1,search,31.1,15.87,11.34,,0.0,sub_s23
76.36,c1,search,31.1,17.76,11.19,,0.0,sub_s23
77.36,c1,search,31.1,17.78,11.19,,0.0,sub_s23
78.36,c1,search,31.1,17.68,11.19,,0.0,sub_s23
79.36,c1,search,31.1,15.32,11.02,,0.0,sub_s23
80.36,c1,search,31.1,16.24,11.33,,0.0,sub_s23
81.36,c1,search,31.1,17.62,11.37,,0.0,sub_s23
82.36,c1,search,31.1,16.99,11.22,,0.0,sub_s23
83.36,c1,search,31.1,16.72,11.18,,0.0,sub_s23
84.36,c1,search,31.1,17.32,11.28,,0.0,sub_s23
85.36,c1,search,31.1,17.15,11.12,,0.0,sub_s23
86.36,c1,search,31.1,16.58,11.21,,0.0,sub_s23
87.36,c1,search,31.1,15.95,11.32,,0.0,sub_s23
88.36,c1,search,31.1,17.94,11.31,,0.0,sub_s23
89.36,c1,search,31.1,17.45,11.25,,0.0,sub_s23
90.36,c1,search,31.1,17.11,11.21,,0.0,sub_s23
91.36,c1,search,31.1,17.25,11.21,,0.0,sub_s23
92.36,c1,search,31.1,17.73,11.3,,0.0,sub_s23
93.36,c1,search,31.1,18.14,11.17,,0.0,sub_s23
94.36,c1,search,31.1,17.57,11.29,,0.0,sub_s23
95.36,c1,search,31.1,17.21,11.23,,0.0,sub_s23
96.36,c1,search,31.1,17.37,11.27,,0.0,sub_s23
97.36,c1,search,31.1,16.92,11.26,,0.0,sub_s23
98.36,c1,search,31.1,16.66,11.21,,0.0,sub_s23
99.36,c1,search,31.1,17.53,11.16,,0.0,sub_s23
100.36,c1,search,31.1,17.02,11.08,,0.0,sub_s23
101.36,c1,search,31.1,16.23,11.01,,0.0,sub_s23
102.36,c1,search,31.1,17.58,11.36,,0.0,sub_s23
103.36,c1,search,31.1,17.87,11.37,,0.0,sub_s23
104.36,c1,search,31.1,17.35,11.22,,0.0,sub_s23
105.36,c1,search,31.1,17.49,11.26,,0.0,sub_s23
106.36,c1,search,31.1,17.55,11.32,,0.0,sub_s23
107.36,c1,search,31.1,16.78,11.26,,0.0,sub_s23
108.36,c1,search,31.1,16.78,11.24,,0.0,sub_s23
109.36,c1,search,31.1,17.56,11.3,,0.0,sub_s23
110.36,c1,search,31.1,16.96,11.25,,0.0,sub_s23
111.36,c1,search,31.1,16.25,11.25,,0.0,sub_s23
112.36,c1,search,31.1,16.9,11.28,,0.0,sub_s23
113.36,c1,search,31.1,17.25,11.35,,0.0,sub_s23
114.36,c1,search,31.1,17.09,11.35,,0.0,sub_s23
115.36,c1,search,31.1,16.85,11.22,,0.0,sub_s23
116.36,c1,search,31.1,17.21,11.2,,0.0,sub_s23
117.36,c1,search,31.1,17.33,11.01,,0.0,sub_s23
118.36,c1,search,31.1,17.71,11.07,,0.0,sub_s23
119.36,c1,search,31.1,17.68,11.19,,0.0,sub_s23
120.36,c1,search,31.1,17.68,11.3,,0.0,sub_s23
121.36,c1,search,6.49,-7.14,-13.43,1600,24.607,W:S1:73|S2:27
122.36,c1,search,6.34,-7.9,-13.58,1600,24.763,W:S1:72|S2:28
123.36,c1,search,8.14,-7.43,-13.7,1600,24.935,W:S1:72|S2:28
124.36,c1,search,8.87,-6.31,-13.64,1600,24.925,W:S1:72|S2:28
125.36,c1,search,8.26,-6.35,-13.34,1600,24.902,W:S1:72|S2:28
126.36,c1,search,7.32,-7.25,-13.56,1600,24.907,W:S1:72|S2:28
127.36,c1,search,8.17,-6.64,-13.63,1600,24.918,W:S1:72|S2:28
128.36,c1,search,8.72,-6.65,-13.5,1600,24.923,W:S1:71|S2:29
129.36,c1,search,8.25,-7.41,-13.53,1600,24.904,W:S1:72|S2:28
130.36,c1,search,6.18,-7.41,-13.53,1600,24.901,W:S1:72|S2:28
131.36,c1,search,6.7,-7.02,-13.95,1600,24.929,W:S1:72|S2:28
132.36,c1,search,8.59,-7.36,-13.71,1600,24.929,W:S1:71|S2:29
133.36,c1,search,9.16,-7.23,-13.58,1600,24.908,W:S1:71|S2:29
134.36,c1,search,8.76,-6.37,-13.55,1600,24.917,W:S1:72|S2:28
135.36,c1,search,8.23,-6.2,-13.58,1600,24.939,W:S1:71|S2:29
136.36,c1,search,8.24,-5.49,-13.61,1600,24.922,W:S1:72|S2:28
137.36,c1,search,6.38,-6.55,-13.67,1600,24.902,W:S1:71|S2:29
138.36,c1,search,7.46,-6.48,-13.7,1600,24.914,W:S1:72|S2:28
139.36,c1,search,8.54,-6.51,-13.7,1600,24.912,W:S1:72|S2:28
140.36,c1,search,8.5,-6.87,-13.57,1600,24.914,W:S1:75|S2:25
141.36,c1,search,8.3,-6.48,-13.66,1600,24.938,W:S1:74|S2:26
142.36,c1,search,8.82,-5.56,-13.95,1600,24.935,W:S1:75|S2:25
143.36,c1,search,8.15,-6.07,-13.92,1600,24.924,W:S1:75|S2:25
144.36,c1,search,8.28,-6.32,-13.68,1600,24.931,W:S1:74|S2:26
145.36,c1,search,8.26,-7.03,-13.94,1600,24.922,W:S1:75|S2:25
146.36,c1,search,8.28,-7.82,-13.53,1600,24.907,W:S1:74|S2:26
147.36,c1,search,8.62,-8.56,-13.51,1600,24.92,W:S1:75|S2:25
148.36,c1,search,8.64,-6.83,-13.63,1600,24.914,W:S1:75|S2:25
149.36,c1,search,8.33,-6.33,-13.64,1600,24.913,W:S1:75|S2:25
150.36,c1,search,7.33,-6.72,-13.42,1600,24.92,W:S1:74|S2:26
151.36,c1,search,8.0,-6.96,-13.94,1600,24.918,W:S1:75|S2:25
152.36,c1,search,8.07,-7.0,-13.44,1600,24.925,W:S1:75|S2:25
153.36,c1,search,8.42,-8.53,-13.63,1600,24.934,W:S1:75|S2:25
154.36,c1,search,9.19,-7.03,-13.42,1600,24.917,W:S1:75|S2:25
155.36,c1,search,8.44,-6.76,-13.39,1600,24.921,W:S1:74|S2:26
156.36,c1,search,8.53,-7.26,-13.59,1600,24.934,W:S1:74|S2:26
157.36,c1,search,8.42,-6.36,-13.96,1600,24.944,W:S1:75|S2:25
158.36,c1,search,8.33,-6.3,-13.61,1600,24.93,W:S1:74|S2:26
159.36,c1,search,8.53,-6.85,-13.6,1600,24.924,W:S1:74|S2:26
160.36,c1,search,6.47,-8.3,-13.6,1600,24.923,W:S1:74|S2:26
161.36,c1,search,3.76,-7.36,-13.79,1600,24.93,W:S1:75|S2:25
162.36,c1,search,8.09,-6.66,-13.59,1600,24.922,W:S1:74|S2:26
163.36,c1,search,8.41,-6.69,-13.93,1600,24.913,W:S1:74|S2:26
164.36,c1,search,8.18,-6.52,-13.41,1600,24.92,W:S1:73|S2:27
165.36,c1,search,8.08,-7.29,-13.65,1600,24.942,W:S1:75|S2:25
166.36,c1,search,8.07,-7.34,-13.8,1600,24.942,W:S1:74|S2:26
167.36,c1,search,7.64,-6.72,-13.76,1600,24.937,W:S1:74|S2:26
168.36,c1,search,7.75,-7.15,-13.59,1600,24.933,W:S1:73|S2:27
169.36,c1,search,7.46,-7.49,-13.52,1600,24.909,W:S1:74|S2:26
170.36,c1,search,5.13,-8.16,-13.92,1600,24.898,W:S1:74|S2:26
171.36,c1,search,8.09,-8.43,-13.97,1600,24.946,W:S1:74|S2:26
172.36,c1,search,8.98,-6.87,-13.98,1600,24.962,W:S1:74|S2:26
173.36,c1,search,8.56,-6.84,-13.55,1600,24.926,W:S1:74|S2:26
174.36,c1,search,8.45,-6.44,-13.5,1600,24.925,W:S1:75|S2:25
175.36,c1,search,8.61,-6.64,-13.48,1600,24.935,W:S1:74|S2:26
176.36,c1,search,9.05,-6.98,-13.47,1600,24.935,W:S1:73|S2:27
177.36,c1,search,8.7,-6.22,-13.5,1600,24.935,W:S1:73|S2:27
178.36,c1,search,8.14,-6.22,-13.5,1600,24.939,W:S1:73|S2:27
179.36,c1,search,8.17,-6.95,-13.6,1600,24.916,W:S1:74|S2:26
180.36,c1,search,7.98,-7.13,-13.63,1600,24.905,W:S1:74|S2:26
181.36,c1,search,8.22,-7.44,-13.54,1600,24.929,W:S1:74|S2:26
182.36,c1,search,8.29,-8.01,-13.94,1600,24.923,W:S1:73|S2:27
183.36,c1,search,8.68,-7.45,-13.92,1600,24.905,W:S1:74|S2:26
184.36,c1,search,9.18,-6.84,-13.92,1600,24.899,W:S1:73|S2:27
185.36,c1,search,9.19,-7.31,-13.91,1600,24.895,W:S1:73|S2:27
186.36,c1,search,8.36,-7.09,-13.94,1600,24.918,W:S1:73|S2:27
187.36,c1,search,8.61,-7.6,-13.95,1600,24.928,W:S1:73|S2:27
188.36,c1,search,8.39,-7.67,-13.94,1600,24.925,W:S1:73|S2:27
189.36,c1,search,8.21,-7.65,-13.92,1600,24.904,W:S1:73|S2:27
190.36,c1,search,8.0,-8.26,-13.94,1600,24.918,W:S1:72|S2:28
191.36,c1,search,8.25,-8.11,-13.95,1600,24.929,W:S1:73|S2:27
192.36,c1,search,8.41,-8.23,-13.92,1600,24.903,W:S1:73|S2:27
193.36,c1,search,8.26,-8.64,-13.92,1600,24.901,W:S1:73|S2:27
194.36,c1,search,8.58,-7.35,-13.93,1600,24.913,W:S1:73|S2:27
195.36,c1,search,8.4,-7.43,-13.94,1600,24.925,W:S1:72|S2:28
196.36,c1,search,8.36,-8.47,-13.94,1600,24.918,W:S1:72|S2:28
197.36,c1,search,8.13,-8.13,-13.94,1600,24.923,W:S1:73|S2:27
198.36,c1,search,8.2,-7.19,-13.94,1600,24.922,W:S1:73|S2:27
199.36,c1,search,9.04,-8.56,-13.93,1600,24.906,W:S1:72|S2:28
200.36,c1,search,7.98,-8.22,-13.93,1600,24.908,W:S1:72|S2:28
201.36,c1,search,7.97,-8.66,-13.93,1600,24.915,W:S1:72|S2:28
202.36,c1,search,8.71,-8.67,-13.94,1600,24.925,W:S1:72|S2:28
203.36,c1,search,7.84,-7.61,-13.93,1600,24.913,W:S1:72|S2:28
204.36,c1,search,8.01,-7.56,-13.95,1600,24.928,W:S1:72|S2:28
205.36,c1,search,8.97,-6.57,-13.95,1600,24.935,W:S1:72|S2:28
206.36,c1,search,9.26,-6.81,-13.93,1600,24.914,W:S1:73|S2:27
207.36,c1,search,9.29,-7.48,-13.93,1600,24.912,W:S1:72|S2:28
208.36,c1,search,9.21,-7.51,-13.94,1600,24.918,W:S1:73|S2:27
209.36,c1,search,9.19,-8.58,-13.94,1600,24.917,W:S1:72|S2:28
210.36,c1,search,7.8,-8.66,-13.93,1600,24.913,W:S1:72|S2:28
211.36,c1,search,6.72,-7.99,-13.93,1600,24.913,W:S1:72|S2:28
212.36,c1,search,8.41,-7.65,-13.93,1600,24.913,W:S1:72|S2:28
213.36,c1,search,8.83,-6.9,-13.94,1600,24.921,W:S1:72|S2:28
214.36,c1,search,8.6,-7.05,-13.95,1600,24.931,W:S1:71|S2:29
215.36,c1,search,8.57,-7.13,-13.94,1600,24.922,W:S1:72|S2:28
216.36,c1,search,8.62,-7.88,-13.92,1600,24.903,W:S1:72|S2:28
217.36,c1,search,8.98,-7.51,-13.93,1600,24.915,W:S1:72|S2:28
218.36,c1,search,9.02,-7.58,-13.94,1600,24.917,W:S1:71|S2:29
219.36,c1,search,9.04,-7.34,-13.94,1600,24.918,W:S1:72|S2:28
220.36,c1,search,8.18,-6.9,-13.94,1600,24.922,W:S1:72|S2:28
221.36,c1,search,8.82,-7.55,-13.94,1600,24.921,W:S1:72|S2:28
222.36,c1,search,8.98,-6.79,-13.94,1600,24.925,W:S1:71|S2:29
223.36,c1,search,8.23,-7.02,-13.93,1600,24.913,W:S1:72|S2:28
224.36,c1,search,8.22,-7.32,-13.94,1600,24.922,W:S1:72|S2:28
225.36,c1,search,8.56,-6.61,-13.95,1600,24.936,W:S1:72|S2:28
226.36,c1,search,8.88,-7.4,-13.95,1600,24.933,W:S1:72|S2:28
227.36,c1,search,7.59,-7.54,-13.96,1600,24.94,W:S1:71|S2:29
228.36,c1,search,7.59,-7.11,-13.96,1600,24.945,W:S1:72|S2:28
229.36,c1,search,8.27,-6.7,-13.94,1600,24.923,W:S1:71|S2:29
230.36,c1,search,6.62,-7.23,-13.93,1600,24.91,W:S1:75|S2:25
231.36,c1,search,7.56,-8.22,-13.96,1600,24.937,W:S1:75|S2:25
232.36,c1,search,8.22,-8.71,-13.95,1600,24.928,W:S1:75|S2:25
233.36,c1,search,7.05,-7.51,-13.93,1600,24.907,W:S1:76|S2:24
234.36,c1,search,8.27,-7.29,-13.95,1600,24.933,W:S1:75|S2:25
235.36,c1,search,8.45,-8.37,-13.96,1600,24.945,W:S1:75|S2:25
236.36,c1,search,8.92,-7.74,-13.95,1600,24.928,W:S1:74|S2:26
237.36,c1,search,8.93,-6.79,-13.94,1600,24.925,W:S1:76|S2:24
238.36,c1,search,8.07,-6.86,-13.96,1600,24.943,W:S1:75|S2:25
239.36,c1,search,7.95,-6.9,-13.96,1600,24.937,W:S1:74|S2:26
240.36,c1,search,7.96,-7.43,-13.95,1600,24.93,W:S1:74|S2:26
241.36,c1,search,31.27,17.77,10.98,,0.0,sub_s23
242.36,c1,search,31.1,18.23,10.98,,0.0,sub_s23
243.36,c1,search,31.1,16.7,11.09,,0.0,sub_s23
244.35,c1,search,31.1,16.71,10.77,,0.0,sub_s23
245.36,c1,search,31.1,17.77,10.82,,0.0,sub_s23
246.36,c1,search,31.1,17.7,11.1,,0.0,sub_s23
247.36,c1,search,31.1,17.49,11.1,,0.0,sub_s23
248.36,c1,search,31.1,17.14,11.27,,0.0,sub_s23
249.36,c1,search,31.1,17.53,11.3,,0.0,sub_s23
250.36,c1,search,31.1,17.41,11.29,,0.0,sub_s23
251.36,c1,search,31.1,17.18,11.35,,0.0,sub_s23
252.36,c1,search,31.1,17.8,11.37,,0.0,sub_s23
253.36,c1,search,31.1,17.92,11.22,,0.0,sub_s23
254.35,c1,search,31.1,17.0,11.22,,0.0,sub_s23
255.35,c1,search,31.1,16.94,11.36,,0.0,sub_s23
256.36,c1,search,31.1,17.64,11.37,,0.0,sub_s23
257.36,c1,search,31.1,17.69,11.18,,0.0,sub_s23
258.36,c1,search,31.1,17.87,11.0,,0.0,sub_s23
259.36,c1,search,31.1,16.83,11.08,,0.0,sub_s23
260.36,c1,search,31.1,16.6,11.23,,0.0,sub_s23
261.36,c1,search,31.1,17.25,11.2,,0.0,sub_s23
262.36,c1,search,31.1,18.05,11.14,,0.0,sub_s23
263.36,c1,search,31.1,17.4,11.14,,0.0,sub_s23
264.36,c1,search,31.1,18.05,11.21,,0.0,sub_s23
265.36,c1,search,31.1,17.96,11.14,,0.0,sub_s23
266.36,c1,search,31.1,18.07,11.34,,0.0,sub_s23
267.36,c1,search,31.1,17.82,11.25,,0.0,sub_s23
268.36,c1,search,31.1,17.86,11.33,,0.0,sub_s23
269.35,c1,search,31.1,17.93,11.31,,0.0,sub_s23
270.35,c1,search,31.1,16.81,11.11,,0.0,sub_s23
271.35,c1,search,31.1,16.81,11.14,,0.0,sub_s23
272.35,c1,search,31.1,18.31,11.21,,0.0,sub_s23
273.35,c1,search,31.1,18.31,11.27,,0.0,sub_s23
274.35,c1,search,31.1,17.83,11.32,,0.0,sub_s23
275.35,c1,search,31.1,17.85,11.37,,0.0,sub_s23
276.36,c1,search,31.1,17.37,11.19,,0.0,sub_s23
277.36,c1,search,31.1,18.13,11.25,,0.0,sub_s23
278.36,c1,search,31.1,17.99,11.31,,0.0,sub_s23
279.36,c1,search,31.1,17.45,11.23,,0.0,sub_s23
280.36,c1,search,31.1,18.27,11.32,,0.0,sub_s23
281.36,c1,search,31.1,17.77,11.37,,0.0,sub_s23
282.36,c1,search,31.1,17.66,11.32,,0.0,sub_s23
283.36,c1,search,31.1,17.61,11.36,,0.0,sub_s23
284.36,c1,search,31.1,17.96,11.25,,0.0,sub_s23
285.36,c1,search,31.1,17.27,11.26,,0.0,sub_s23
286.36,c1,search,31.1,17.3,11.34,,0.0,sub_s23
287.36,c1,search,31.1,18.02,11.11,,0.0,sub_s23
288.36,c1,search,31.1,17.47,11.14,,0.0,sub_s23
289.36,c1,search,31.1,17.47,11.18,,0.0,sub_s23
290.36,c1,search,31.1,17.64,11.18,,0.0,sub_s23
291.36,c1,search,31.1,17.89,11.33,,0.0,sub_s23
292.36,c1,search,31.1,17.55,11.16,,0.0,sub_s23
293.36,c1,search,31.1,17.25,11.08,,0.0,sub_s23
294.36,c1,search,31.1,17.36,11.36,,0.0,sub_s23
295.36,c1,search,31.1,18.16,11.35,,0.0,sub_s23
296.36,c1,search,31.1,18.03,11.24,,0.0,sub_s23
297.36,c1,search,31.1,18.11,11.24,,0.0,sub_s23
298.36,c1,search,31.1,18.39,11.3,,0.0,sub_s23
299.36,c1,search,31.1,17.88,11.36,,0.0,sub_s23
300.35,c1,search,31.1,20.71,10.98,,0.0,sub_s23
301.35,c1,search,31.1,20.71,10.98,,0.0,sub_s23
