run_id,policy,disturb,section,cohort,endpoint,n,n_viol,viol_rate,corrected_p50,corrected_p95,corrected_p99
A_none_site_s3,site_s3,none,pre,1,reserve,10668,6,0.000562,26.491,27.353,28.509
A_none_site_s3,site_s3,none,pre,1,search,15999,7,0.000438,30.206,31.858,33.463
A_none_site_s3,site_s3,none,pre,1,recommend,21333,6,0.000281,26.259,27.07,27.952
A_none_site_s3,site_s3,none,pre,2,reserve,10667,4,0.000375,26.409,27.174,28.241
A_none_site_s3,site_s3,none,pre,2,search,15999,11,0.000688,30.197,31.906,33.585
A_none_site_s3,site_s3,none,pre,2,recommend,21334,7,0.000328,26.246,27.124,28.157
A_none_site_s3,site_s3,none,during,1,reserve,10666,4,0.000375,26.465,27.267,28.11
A_none_site_s3,site_s3,none,during,1,search,16002,5,0.000312,30.178,31.77,33.224
A_none_site_s3,site_s3,none,during,1,recommend,21333,3,0.000141,26.238,27.035,27.724
A_none_site_s3,site_s3,none,during,2,reserve,10667,3,0.000281,26.401,27.051,27.901
A_none_site_s3,site_s3,none,during,2,search,16001,4,0.00025,30.168,31.779,33.34
A_none_site_s3,site_s3,none,during,2,recommend,21332,6,0.000281,26.237,27.056,27.869
A_none_site_s3,site_s3,none,post,1,reserve,10666,10,0.000938,26.459,27.258,28.014
A_none_site_s3,site_s3,none,post,1,search,15999,11,0.000688,30.17,31.769,33.324
A_none_site_s3,site_s3,none,post,1,recommend,21334,15,0.000703,26.238,27.052,27.913
A_none_site_s3,site_s3,none,post,2,reserve,10666,8,0.00075,26.397,27.08,27.929
A_none_site_s3,site_s3,none,post,2,search,16000,14,0.000875,30.156,31.796,33.238
A_none_site_s3,site_s3,none,post,2,recommend,21334,18,0.000844,26.236,27.08,28.029
A_none_bl_rr,bl_rr,none,pre,1,reserve,10668,14,0.001312,5.141,26.339,26.558
A_none_bl_rr,bl_rr,none,pre,1,search,15999,58,0.003625,16.79,30.28,32.639
A_none_bl_rr,bl_rr,none,pre,1,recommend,21333,33,0.001547,11.08,26.101,26.475
A_none_bl_rr,bl_rr,none,pre,2,reserve,10668,11,0.001031,26.202,26.442,27.021
A_none_bl_rr,bl_rr,none,pre,2,search,15998,44,0.00275,19.018,30.312,31.966
A_none_bl_rr,bl_rr,none,pre,2,recommend,21333,32,0.0015,11.138,26.089,26.406
A_none_bl_rr,bl_rr,none,during,1,reserve,10667,28,0.002625,5.647,26.343,26.605
A_none_bl_rr,bl_rr,none,during,1,search,16001,93,0.005812,16.989,30.279,34.038
A_none_bl_rr,bl_rr,none,during,1,recommend,21333,63,0.002953,11.111,26.101,26.487
A_none_bl_rr,bl_rr,none,during,2,reserve,10665,21,0.001969,26.192,26.436,27.037
A_none_bl_rr,bl_rr,none,during,2,search,16002,79,0.004937,18.716,30.318,32.357
A_none_bl_rr,bl_rr,none,during,2,recommend,21332,55,0.002578,11.093,26.095,26.515
A_none_bl_rr,bl_rr,none,post,1,reserve,10666,15,0.001406,4.898,26.33,26.482
A_none_bl_rr,bl_rr,none,post,1,search,15999,56,0.0035,16.984,30.262,32.3
A_none_bl_rr,bl_rr,none,post,1,recommend,21334,35,0.001641,11.108,26.107,26.42
A_none_bl_rr,bl_rr,none,post,2,reserve,10666,5,0.000469,26.213,26.448,27.006
A_none_bl_rr,bl_rr,none,post,2,search,16001,29,0.001812,18.45,30.281,31.296
A_none_bl_rr,bl_rr,none,post,2,recommend,21335,14,0.000656,11.084,26.084,26.39
A_none_bl_lr,bl_lr,none,pre,1,reserve,10666,11,0.001031,11.456,26.373,26.722
A_none_bl_lr,bl_lr,none,pre,1,search,15999,529,0.033065,21.648,41.044,55.84
A_none_bl_lr,bl_lr,none,pre,1,recommend,21334,120,0.005625,11.077,26.039,29.581
A_none_bl_lr,bl_lr,none,pre,2,reserve,10668,7,0.000656,11.47,26.371,26.801
A_none_bl_lr,bl_lr,none,pre,2,search,16000,506,0.031625,21.24,40.845,55.822
A_none_bl_lr,bl_lr,none,pre,2,recommend,21333,139,0.006516,11.031,26.069,30.322
A_none_bl_lr,bl_lr,none,during,1,reserve,10668,18,0.001687,11.462,26.386,26.825
A_none_bl_lr,bl_lr,none,during,1,search,16001,479,0.029936,21.203,40.233,55.642
A_none_bl_lr,bl_lr,none,during,1,recommend,21331,139,0.006516,11.091,26.04,30.281
A_none_bl_lr,bl_lr,none,during,2,reserve,10667,15,0.001406,11.469,26.386,26.917
A_none_bl_lr,bl_lr,none,during,2,search,15999,513,0.032065,21.271,40.838,55.841
A_none_bl_lr,bl_lr,none,during,2,recommend,21333,126,0.005906,11.027,26.066,30.493
A_none_bl_lr,bl_lr,none,post,1,reserve,10664,17,0.001594,11.468,26.382,26.745
A_none_bl_lr,bl_lr,none,post,1,search,15999,516,0.032252,21.339,40.877,57.796
A_none_bl_lr,bl_lr,none,post,1,recommend,21333,144,0.00675,11.074,26.053,31.108
A_none_bl_lr,bl_lr,none,post,2,reserve,10665,23,0.002157,11.453,26.411,26.966
A_none_bl_lr,bl_lr,none,post,2,search,16000,540,0.03375,21.208,41.259,56.527
A_none_bl_lr,bl_lr,none,post,2,recommend,21334,152,0.007125,11.032,26.063,31.56
A_none_bl_loc,bl_loc,none,pre,1,reserve,8483,8483,1.0,24430.924,36065.634,39829.738
A_none_bl_loc,bl_loc,none,pre,1,search,12717,12717,1.0,24486.341,36124.574,39898.093
A_none_bl_loc,bl_loc,none,pre,1,recommend,16959,16959,1.0,24455.94,36094.192,39879.259
A_none_bl_loc,bl_loc,none,pre,2,reserve,8469,8469,1.0,24834.586,37459.923,40570.498
A_none_bl_loc,bl_loc,none,pre,2,search,12694,12694,1.0,24914.699,37530.445,40650.76
A_none_bl_loc,bl_loc,none,pre,2,recommend,16930,16930,1.0,24876.0,37495.302,40612.179
A_none_bl_loc,bl_loc,none,during,1,reserve,8495,8495,1.0,48524.448,61114.01,63221.137
A_none_bl_loc,bl_loc,none,during,1,search,12741,12741,1.0,48585.33,61167.15,63287.372
A_none_bl_loc,bl_loc,none,during,1,recommend,16986,16986,1.0,48554.238,61137.323,63248.428
A_none_bl_loc,bl_loc,none,during,2,reserve,8480,8480,1.0,49614.685,62222.051,65789.229
A_none_bl_loc,bl_loc,none,during,2,search,12719,12719,1.0,49695.783,62268.48,65858.526
A_none_bl_loc,bl_loc,none,during,2,recommend,16959,16959,1.0,49660.589,62239.856,65826.395
A_none_bl_loc,bl_loc,none,post,1,reserve,8460,8460,1.0,73926.965,86192.607,90255.068
A_none_bl_loc,bl_loc,none,post,1,search,12696,12696,1.0,74000.98,86268.83,90358.402
A_none_bl_loc,bl_loc,none,post,1,recommend,16926,16926,1.0,73972.07,86236.866,90314.674
A_none_bl_loc,bl_loc,none,post,2,reserve,8524,8524,1.0,73912.967,86440.467,89209.663
A_none_bl_loc,bl_loc,none,post,2,search,12790,12790,1.0,73985.702,86533.465,89294.952
A_none_bl_loc,bl_loc,none,post,2,recommend,17052,17052,1.0,73953.101,86499.537,89255.799
A_radio_site_s3,site_s3,radio,pre,1,reserve,10503,4,0.000381,26.486,27.261,28.338
A_radio_site_s3,site_s3,radio,pre,1,search,15753,4,0.000254,30.084,31.701,33.549
A_radio_site_s3,site_s3,radio,pre,1,recommend,21007,5,0.000238,26.212,26.96,27.826
A_radio_site_s3,site_s3,radio,pre,2,reserve,10503,2,0.00019,26.685,27.421,28.141
A_radio_site_s3,site_s3,radio,pre,2,search,15753,8,0.000508,30.17,31.753,33.594
A_radio_site_s3,site_s3,radio,pre,2,recommend,21006,8,0.000381,26.167,26.901,27.766
A_radio_site_s3,site_s3,radio,during,1,reserve,10217,341,0.033376,27.522,33.289,43.549
A_radio_site_s3,site_s3,radio,during,1,search,15323,15323,1.0,47.138,52.618,59.232
A_radio_site_s3,site_s3,radio,during,1,recommend,20428,7588,0.371451,34.667,45.877,47.072
A_radio_site_s3,site_s3,radio,during,2,reserve,10216,7,0.000685,26.546,27.347,28.166
A_radio_site_s3,site_s3,radio,during,2,search,15323,7,0.000457,30.144,31.844,33.379
A_radio_site_s3,site_s3,radio,during,2,recommend,20429,5,0.000245,26.164,26.859,27.733
A_radio_site_s3,site_s3,radio,post,1,reserve,10421,8,0.000768,26.487,27.246,28.304
A_radio_site_s3,site_s3,radio,post,1,search,15634,10,0.00064,30.082,31.773,33.548
A_radio_site_s3,site_s3,radio,post,1,recommend,20844,11,0.000528,26.213,26.984,27.942
A_radio_site_s3,site_s3,radio,post,2,reserve,10421,4,0.000384,26.688,27.416,28.101
A_radio_site_s3,site_s3,radio,post,2,search,15635,8,0.000512,30.178,31.82,33.637
A_radio_site_s3,site_s3,radio,post,2,recommend,20844,13,0.000624,26.171,26.908,27.774
A_radio_bl_rr,bl_rr,radio,pre,1,reserve,10497,13,0.001238,11.607,26.304,26.543
A_radio_bl_rr,bl_rr,radio,pre,1,search,15748,69,0.004382,17.109,30.209,37.225
A_radio_bl_rr,bl_rr,radio,pre,1,recommend,20994,43,0.002048,11.436,26.067,26.59
A_radio_bl_rr,bl_rr,radio,pre,2,reserve,10497,10,0.000953,11.605,26.356,26.668
A_radio_bl_rr,bl_rr,radio,pre,2,search,15745,64,0.004065,17.486,30.114,34.649
A_radio_bl_rr,bl_rr,radio,pre,2,recommend,20995,41,0.001953,11.035,26.019,26.344
A_radio_bl_rr,bl_rr,radio,during,1,reserve,10218,572,0.05598,13.194,35.812,44.118
A_radio_bl_rr,bl_rr,radio,during,1,search,15321,5946,0.388095,35.909,58.82,79.86
A_radio_bl_rr,bl_rr,radio,during,1,recommend,20432,1650,0.080756,18.995,40.487,59.821
A_radio_bl_rr,bl_rr,radio,during,2,reserve,10218,25,0.002447,11.59,26.371,26.975
A_radio_bl_rr,bl_rr,radio,during,2,search,15323,362,0.023625,19.092,35.405,54.719
A_radio_bl_rr,bl_rr,radio,during,2,recommend,20432,138,0.006754,11.126,26.023,29.752
A_radio_bl_rr,bl_rr,radio,post,1,reserve,10430,12,0.001151,11.604,26.306,26.512
A_radio_bl_rr,bl_rr,radio,post,1,search,15641,61,0.0039,17.111,30.205,35.853
A_radio_bl_rr,bl_rr,radio,post,1,recommend,20852,37,0.001774,11.424,26.069,26.465
A_radio_bl_rr,bl_rr,radio,post,2,reserve,10425,14,0.001343,11.601,26.35,26.657
A_radio_bl_rr,bl_rr,radio,post,2,search,15641,61,0.0039,17.452,30.124,33.547
A_radio_bl_rr,bl_rr,radio,post,2,recommend,20857,38,0.001822,11.03,26.03,26.392
A_radio_bl_lr,bl_lr,radio,pre,1,reserve,10501,14,0.001333,11.507,26.352,26.607
A_radio_bl_lr,bl_lr,radio,pre,1,search,15749,506,0.032129,21.765,40.956,55.427
A_radio_bl_lr,bl_lr,radio,pre,1,recommend,21003,120,0.005713,11.111,26.062,29.716
A_radio_bl_lr,bl_lr,radio,pre,2,reserve,10498,9,0.000857,11.507,26.394,26.609
A_radio_bl_lr,bl_lr,radio,pre,2,search,15748,454,0.028829,21.452,40.358,54.576
A_radio_bl_lr,bl_lr,radio,pre,2,recommend,21002,125,0.005952,11.13,26.105,30.021
A_radio_bl_lr,bl_lr,radio,during,1,reserve,10217,145,0.014192,12.649,27.46,37.497
A_radio_bl_lr,bl_lr,radio,during,1,search,15324,6316,0.412164,40.246,59.301,75.213
A_radio_bl_lr,bl_lr,radio,during,1,recommend,20429,1195,0.058495,13.687,36.067,50.856
A_radio_bl_lr,bl_lr,radio,during,2,reserve,10216,25,0.002447,11.502,26.382,26.664
A_radio_bl_lr,bl_lr,radio,during,2,search,15322,469,0.03061,21.531,40.783,55.16
A_radio_bl_lr,bl_lr,radio,during,2,recommend,20430,115,0.005629,11.101,26.072,29.622
A_radio_bl_lr,bl_lr,radio,post,1,reserve,10425,14,0.001343,11.491,26.353,26.596
A_radio_bl_lr,bl_lr,radio,post,1,search,15636,477,0.030507,21.583,40.631,55.233
A_radio_bl_lr,bl_lr,radio,post,1,recommend,20850,124,0.005947,11.086,26.062,29.306
A_radio_bl_lr,bl_lr,radio,post,2,reserve,10426,17,0.001631,11.528,26.39,26.616
A_radio_bl_lr,bl_lr,radio,post,2,search,15638,461,0.029479,21.394,40.449,55.503
A_radio_bl_lr,bl_lr,radio,post,2,recommend,20849,141,0.006763,11.109,26.09,30.294
A_radio_bl_loc,bl_loc,radio,pre,1,reserve,8343,8343,1.0,24345.659,36349.316,38638.628
A_radio_bl_loc,bl_loc,radio,pre,1,search,12510,12510,1.0,24403.242,36397.122,38699.998
A_radio_bl_loc,bl_loc,radio,pre,1,recommend,16680,16680,1.0,24370.764,36371.845,38665.159
A_radio_bl_loc,bl_loc,radio,pre,2,reserve,8361,8361,1.0,23665.818,36707.572,39724.119
A_radio_bl_loc,bl_loc,radio,pre,2,search,12538,12538,1.0,23734.618,36744.303,39801.538
A_radio_bl_loc,bl_loc,radio,pre,2,recommend,16722,16722,1.0,23702.252,36713.995,39775.281
A_radio_bl_loc,bl_loc,radio,during,1,reserve,7487,7487,1.0,52914.747,67180.841,71205.889
A_radio_bl_loc,bl_loc,radio,during,1,search,11230,11230,1.0,52991.296,67236.028,71275.084
A_radio_bl_loc,bl_loc,radio,during,1,recommend,14974,14974,1.0,52957.416,67223.873,71244.928
A_radio_bl_loc,bl_loc,radio,during,2,reserve,8708,8708,1.0,45865.597,56019.951,58135.523
A_radio_bl_loc,bl_loc,radio,during,2,search,13064,13064,1.0,45923.663,56064.814,58229.131
A_radio_bl_loc,bl_loc,radio,during,2,recommend,17418,17418,1.0,45890.596,56030.077,58186.612
A_radio_bl_loc,bl_loc,radio,post,1,reserve,8283,8283,1.0,81838.372,94301.347,98354.821
A_radio_bl_loc,bl_loc,radio,post,1,search,12426,12426,1.0,81909.506,94380.052,98449.477
A_radio_bl_loc,bl_loc,radio,post,1,recommend,16567,16567,1.0,81871.97,94364.65,98414.92
A_radio_bl_loc,bl_loc,radio,post,2,reserve,8394,8394,1.0,65722.934,79319.866,82981.578
A_radio_bl_loc,bl_loc,radio,post,2,search,12588,12588,1.0,65818.778,79404.053,83042.545
A_radio_bl_loc,bl_loc,radio,post,2,recommend,16786,16786,1.0,65776.338,79366.472,83010.173
A_server_site_s3,site_s3,server,pre,1,reserve,10503,4,0.000381,26.549,27.378,28.117
A_server_site_s3,site_s3,server,pre,1,search,15753,4,0.000254,30.133,31.857,33.252
A_server_site_s3,site_s3,server,pre,1,recommend,21006,6,0.000286,26.221,26.996,27.835
A_server_site_s3,site_s3,server,pre,2,reserve,10503,1,9.5e-05,26.386,27.061,27.883
A_server_site_s3,site_s3,server,pre,2,search,15753,7,0.000444,30.154,31.951,33.615
A_server_site_s3,site_s3,server,pre,2,recommend,21006,3,0.000143,26.159,26.958,27.719
A_server_site_s3,site_s3,server,during,1,reserve,10253,285,0.027797,28.408,33.544,37.955
A_server_site_s3,site_s3,server,during,1,search,15377,1129,0.073421,36.507,46.811,54.504
A_server_site_s3,site_s3,server,during,1,recommend,20503,918,0.044774,27.574,34.551,42.317
A_server_site_s3,site_s3,server,during,2,reserve,10252,231,0.022532,28.142,33.011,37.718
A_server_site_s3,site_s3,server,during,2,search,15376,1141,0.074207,36.808,46.764,54.108
A_server_site_s3,site_s3,server,during,2,recommend,20503,893,0.043555,27.536,34.486,41.734
A_server_site_s3,site_s3,server,post,1,reserve,10474,5,0.000477,26.544,27.402,28.117
A_server_site_s3,site_s3,server,post,1,search,15711,13,0.000827,30.122,31.887,33.408
A_server_site_s3,site_s3,server,post,1,recommend,20949,16,0.000764,26.22,27.007,28.013
A_server_site_s3,site_s3,server,post,2,reserve,10474,8,0.000764,26.382,27.046,28.006
A_server_site_s3,site_s3,server,post,2,search,15712,11,0.0007,30.16,31.901,33.722
A_server_site_s3,site_s3,server,post,2,recommend,20950,21,0.001002,26.158,26.985,27.962
A_server_bl_rr,bl_rr,server,pre,1,reserve,10502,17,0.001619,11.263,26.32,26.484
A_server_bl_rr,bl_rr,server,pre,1,search,15752,96,0.006094,16.663,29.963,36.059
A_server_bl_rr,bl_rr,server,pre,1,recommend,21005,69,0.003285,11.06,26.082,26.473
A_server_bl_rr,bl_rr,server,pre,2,reserve,10503,16,0.001523,11.733,26.41,26.885
A_server_bl_rr,bl_rr,server,pre,2,search,15751,81,0.005143,18.973,30.146,35.419
A_server_bl_rr,bl_rr,server,pre,2,recommend,21002,56,0.002666,11.599,26.079,26.527
A_server_bl_rr,bl_rr,server,during,1,reserve,10253,24,0.002341,11.267,26.508,27.96
A_server_bl_rr,bl_rr,server,during,1,search,15376,90,0.005853,16.642,32.412,37.446
A_server_bl_rr,bl_rr,server,during,1,recommend,20502,64,0.003122,11.057,26.509,27.792
A_server_bl_rr,bl_rr,server,during,2,reserve,10252,20,0.001951,11.722,27.064,28.511
A_server_bl_rr,bl_rr,server,during,2,search,15375,88,0.005724,19.1,32.597,37.964
A_server_bl_rr,bl_rr,server,during,2,recommend,20503,75,0.003658,11.624,26.727,28.552
A_server_bl_rr,bl_rr,server,post,1,reserve,10476,9,0.000859,11.266,26.341,26.499
A_server_bl_rr,bl_rr,server,post,1,search,15712,76,0.004837,16.64,29.946,33.744
A_server_bl_rr,bl_rr,server,post,1,recommend,20951,43,0.002052,11.066,26.082,26.299
A_server_bl_rr,bl_rr,server,post,2,reserve,10475,16,0.001527,11.703,26.418,26.827
A_server_bl_rr,bl_rr,server,post,2,search,15714,52,0.003309,18.968,30.106,32.555
A_server_bl_rr,bl_rr,server,post,2,recommend,20953,27,0.001289,11.628,26.075,26.454
A_server_bl_lr,bl_lr,server,pre,1,reserve,10504,11,0.001047,11.44,26.351,26.601
A_server_bl_lr,bl_lr,server,pre,1,search,15754,463,0.029389,21.36,40.178,55.285
A_server_bl_lr,bl_lr,server,pre,1,recommend,21008,131,0.006236,11.083,26.053,30.873
A_server_bl_lr,bl_lr,server,pre,2,reserve,10504,9,0.000857,11.393,26.345,26.688
A_server_bl_lr,bl_lr,server,pre,2,search,15753,484,0.030724,21.366,40.779,53.792
A_server_bl_lr,bl_lr,server,pre,2,recommend,21007,102,0.004856,11.012,26.051,29.056
A_server_bl_lr,bl_lr,server,during,1,reserve,10252,20,0.001951,11.437,26.581,28.251
A_server_bl_lr,bl_lr,server,during,1,search,15377,508,0.033036,21.5,40.724,55.924
A_server_bl_lr,bl_lr,server,during,1,recommend,20502,146,0.007121,11.067,26.525,31.09
A_server_bl_lr,bl_lr,server,during,2,reserve,10250,20,0.001951,11.402,26.629,28.369
A_server_bl_lr,bl_lr,server,during,2,search,15374,492,0.032002,21.126,41.003,55.785
A_server_bl_lr,bl_lr,server,during,2,recommend,20505,138,0.00673,11.015,26.438,30.879
A_server_bl_lr,bl_lr,server,post,1,reserve,10474,18,0.001719,11.433,26.361,26.656
A_server_bl_lr,bl_lr,server,post,1,search,15713,494,0.031439,21.504,40.798,55.667
A_server_bl_lr,bl_lr,server,post,1,recommend,20948,106,0.00506,11.053,26.043,29.204
A_server_bl_lr,bl_lr,server,post,2,reserve,10473,10,0.000955,11.419,26.339,26.688
A_server_bl_lr,bl_lr,server,post,2,search,15711,509,0.032398,21.239,41.11,56.016
A_server_bl_lr,bl_lr,server,post,2,recommend,20950,126,0.006014,11.011,26.068,30.635
A_server_bl_loc,bl_loc,server,pre,1,reserve,8299,8299,1.0,23569.044,35929.241,38696.407
A_server_bl_loc,bl_loc,server,pre,1,search,12444,12444,1.0,23631.448,35997.992,38760.231
A_server_bl_loc,bl_loc,server,pre,1,recommend,16595,16595,1.0,23597.37,35962.732,38734.213
A_server_bl_loc,bl_loc,server,pre,2,reserve,8400,8400,1.0,23502.01,35195.703,38246.699
A_server_bl_loc,bl_loc,server,pre,2,search,12600,12600,1.0,23569.974,35284.619,38276.048
A_server_bl_loc,bl_loc,server,pre,2,recommend,16803,16803,1.0,23534.127,35250.11,38261.542
A_server_bl_loc,bl_loc,server,during,1,reserve,8146,8146,1.0,48498.2,61607.414,64686.92
A_server_bl_loc,bl_loc,server,during,1,search,12216,12216,1.0,48572.598,61681.272,64807.568
A_server_bl_loc,bl_loc,server,during,1,recommend,16287,16287,1.0,48543.047,61652.627,64774.722
A_server_bl_loc,bl_loc,server,during,2,reserve,8229,8229,1.0,47738.945,60524.557,65516.983
A_server_bl_loc,bl_loc,server,during,2,search,12349,12349,1.0,47790.797,60628.788,65582.922
A_server_bl_loc,bl_loc,server,during,2,recommend,16467,16467,1.0,47759.056,60582.735,65554.457
A_server_bl_loc,bl_loc,server,post,1,reserve,8366,8366,1.0,73632.48,86529.624,89113.303
A_server_bl_loc,bl_loc,server,post,1,search,12540,12540,1.0,73705.494,86587.436,89165.166
A_server_bl_loc,bl_loc,server,post,1,recommend,16721,16721,1.0,73672.333,86559.256,89136.713
A_server_bl_loc,bl_loc,server,post,2,reserve,8330,8330,1.0,72387.936,85864.993,90612.799
A_server_bl_loc,bl_loc,server,post,2,search,12497,12497,1.0,72452.792,85944.384,90692.686
A_server_bl_loc,bl_loc,server,post,2,recommend,16664,16664,1.0,72418.838,85911.654,90661.012
B_ramp_site_s3,site_s3,ramp,pre,1,reserve,5159,3,0.000582,26.558,27.376,28.237
B_ramp_site_s3,site_s3,ramp,pre,1,search,7737,5,0.000646,32.037,33.879,35.575
B_ramp_site_s3,site_s3,ramp,pre,1,recommend,10318,7,0.000678,26.453,27.398,28.272
B_ramp_site_s3,site_s3,ramp,pre,2,reserve,5158,2,0.000388,26.251,26.835,27.711
B_ramp_site_s3,site_s3,ramp,pre,2,search,7737,4,0.000517,30.188,31.894,33.574
B_ramp_site_s3,site_s3,ramp,pre,2,recommend,10318,2,0.000194,26.118,27.028,27.835
B_ramp_site_s3,site_s3,ramp,during,1,reserve,20890,1735,0.083054,27.774,79.009,103.404
B_ramp_site_s3,site_s3,ramp,during,1,search,31333,17041,0.543867,54.23,97.655,126.236
B_ramp_site_s3,site_s3,ramp,during,1,recommend,41779,20744,0.496517,34.9,84.868,109.57
B_ramp_site_s3,site_s3,ramp,during,2,reserve,20892,8,0.000383,26.312,27.194,28.406
B_ramp_site_s3,site_s3,ramp,during,2,search,31337,18,0.000574,30.168,32.035,34.107
B_ramp_site_s3,site_s3,ramp,during,2,recommend,41782,15,0.000359,26.151,27.08,27.855
B_ramp_site_s3,site_s3,ramp,post,1,reserve,5092,3,0.000589,26.424,27.3,28.105
B_ramp_site_s3,site_s3,ramp,post,1,search,7637,5,0.000655,30.105,31.942,33.87
B_ramp_site_s3,site_s3,ramp,post,1,recommend,10183,6,0.000589,26.295,27.285,28.202
B_ramp_site_s3,site_s3,ramp,post,2,reserve,5092,4,0.000786,26.251,26.796,27.743
B_ramp_site_s3,site_s3,ramp,post,2,search,7637,6,0.000786,30.206,31.952,33.672
B_ramp_site_s3,site_s3,ramp,post,2,recommend,10183,7,0.000687,26.113,26.985,27.829
B_ramp_bl_rr,bl_rr,ramp,pre,1,reserve,5174,34,0.006571,12.411,26.475,28.978
B_ramp_bl_rr,bl_rr,ramp,pre,1,search,7759,589,0.075912,24.852,51.509,72.93
B_ramp_bl_rr,bl_rr,ramp,pre,1,recommend,10344,240,0.023202,11.601,26.904,45.7
B_ramp_bl_rr,bl_rr,ramp,pre,2,reserve,5175,30,0.005797,14.043,26.367,28.325
B_ramp_bl_rr,bl_rr,ramp,pre,2,search,7759,594,0.076556,22.735,51.389,75.235
B_ramp_bl_rr,bl_rr,ramp,pre,2,recommend,10347,270,0.026095,11.515,26.288,47.049
B_ramp_bl_rr,bl_rr,ramp,during,1,reserve,20877,1870,0.089572,16.284,43.42,64.318
B_ramp_bl_rr,bl_rr,ramp,during,1,search,31313,11775,0.376042,40.729,71.546,91.467
B_ramp_bl_rr,bl_rr,ramp,during,1,recommend,41755,8161,0.19545,22.855,56.54,84.001
B_ramp_bl_rr,bl_rr,ramp,during,2,reserve,20876,90,0.004311,11.981,26.389,27.37
B_ramp_bl_rr,bl_rr,ramp,during,2,search,31318,1418,0.045277,20.563,43.496,65.801
B_ramp_bl_rr,bl_rr,ramp,during,2,recommend,41761,626,0.01499,11.167,26.117,40.481
B_ramp_bl_rr,bl_rr,ramp,post,1,reserve,5088,32,0.006289,12.374,26.359,29.004
B_ramp_bl_rr,bl_rr,ramp,post,1,search,7633,589,0.077165,23.552,50.923,70.629
B_ramp_bl_rr,bl_rr,ramp,post,1,recommend,10177,215,0.021126,11.409,26.352,45.774
B_ramp_bl_rr,bl_rr,ramp,post,2,reserve,5090,25,0.004912,15.21,26.385,28.74
B_ramp_bl_rr,bl_rr,ramp,post,2,search,7633,600,0.078606,22.808,52.267,74.724
B_ramp_bl_rr,bl_rr,ramp,post,2,recommend,10178,256,0.025152,11.509,26.468,47.827
B_ramp_bl_lr,bl_lr,ramp,pre,1,reserve,5165,3,0.000581,11.579,26.468,26.794
B_ramp_bl_lr,bl_lr,ramp,pre,1,search,7746,296,0.038213,24.094,42.412,57.611
B_ramp_bl_lr,bl_lr,ramp,pre,1,recommend,10329,77,0.007455,11.366,26.29,32.017
B_ramp_bl_lr,bl_lr,ramp,pre,2,reserve,5167,9,0.001742,11.517,26.407,26.672
B_ramp_bl_lr,bl_lr,ramp,pre,2,search,7744,250,0.032283,21.87,41.211,54.582
B_ramp_bl_lr,bl_lr,ramp,pre,2,recommend,10328,59,0.005713,11.143,26.12,30.218
B_ramp_bl_lr,bl_lr,ramp,during,1,reserve,20879,604,0.028929,12.722,28.055,46.909
B_ramp_bl_lr,bl_lr,ramp,during,1,search,31319,10986,0.350777,41.089,65.425,78.82
B_ramp_bl_lr,bl_lr,ramp,during,1,recommend,41757,4620,0.11064,14.668,43.561,59.909
B_ramp_bl_lr,bl_lr,ramp,during,2,reserve,20878,31,0.001485,11.483,26.398,26.676
B_ramp_bl_lr,bl_lr,ramp,during,2,search,31320,973,0.031066,21.429,40.676,55.637
B_ramp_bl_lr,bl_lr,ramp,during,2,recommend,41761,249,0.005963,11.107,26.095,29.986
B_ramp_bl_lr,bl_lr,ramp,post,1,reserve,5095,3,0.000589,11.476,26.367,26.606
B_ramp_bl_lr,bl_lr,ramp,post,1,search,7644,204,0.026688,21.589,38.814,54.653
B_ramp_bl_lr,bl_lr,ramp,post,1,recommend,10192,58,0.005691,11.165,26.08,29.354
B_ramp_bl_lr,bl_lr,ramp,post,2,reserve,5095,5,0.000981,11.489,26.392,26.673
B_ramp_bl_lr,bl_lr,ramp,post,2,search,7646,215,0.028119,21.36,39.927,54.511
B_ramp_bl_lr,bl_lr,ramp,post,2,recommend,10193,50,0.004905,11.158,26.103,27.749
B_ramp_bl_loc,bl_loc,ramp,pre,1,reserve,4077,4077,1.0,17435.529,24901.425,26188.949
B_ramp_bl_loc,bl_loc,ramp,pre,1,search,6114,6114,1.0,17507.323,24963.338,26235.165
B_ramp_bl_loc,bl_loc,ramp,pre,1,recommend,8153,8153,1.0,17484.733,24928.664,26215.62
B_ramp_bl_loc,bl_loc,ramp,pre,2,reserve,4145,4145,1.0,18527.494,25597.449,27445.596
B_ramp_bl_loc,bl_loc,ramp,pre,2,search,6211,6211,1.0,18609.829,25701.944,27539.742
B_ramp_bl_loc,bl_loc,ramp,pre,2,recommend,8282,8282,1.0,18578.064,25648.339,27502.307
B_ramp_bl_loc,bl_loc,ramp,during,1,reserve,15337,15337,1.0,50722.053,84246.477,89593.877
B_ramp_bl_loc,bl_loc,ramp,during,1,search,23003,23003,1.0,50780.452,84290.062,89628.53
B_ramp_bl_loc,bl_loc,ramp,during,1,recommend,30671,30671,1.0,50750.42,84275.017,89610.458
B_ramp_bl_loc,bl_loc,ramp,during,2,reserve,17679,17679,1.0,47346.114,61336.223,65220.422
B_ramp_bl_loc,bl_loc,ramp,during,2,search,26520,26520,1.0,47409.159,61402.886,65286.642
B_ramp_bl_loc,bl_loc,ramp,during,2,recommend,35359,35359,1.0,47376.268,61363.956,65259.997
B_ramp_bl_loc,bl_loc,ramp,post,1,reserve,4039,4039,1.0,94894.694,102512.051,103774.567
B_ramp_bl_loc,bl_loc,ramp,post,1,search,6060,6060,1.0,94947.297,102550.745,103793.064
B_ramp_bl_loc,bl_loc,ramp,post,1,recommend,8079,8079,1.0,94926.903,102533.042,103764.126
B_ramp_bl_loc,bl_loc,ramp,post,2,reserve,4070,4070,1.0,67819.262,76580.175,77760.818
B_ramp_bl_loc,bl_loc,ramp,post,2,search,6101,6101,1.0,67887.81,76664.145,77826.41
B_ramp_bl_loc,bl_loc,ramp,post,2,recommend,8136,8136,1.0,67851.192,76624.204,77795.637
