t_rel_s,n_S1,n_S2,n_S3,n_unjoined,s1_share
0,272,268,269,0,0.336218
1,260,266,267,0,0.327869
2,272,266,265,0,0.338730
3,261,265,268,0,0.328715
4,273,269,267,0,0.337454
5,267,266,266,0,0.334168
6,263,267,267,0,0.329987
7,267,267,266,0,0.333750
8,266,267,266,0,0.332916
9,271,267,268,0,0.336228
10,261,266,267,0,0.328715
11,272,266,265,0,0.338730
12,262,265,268,0,0.329560
13,270,269,267,0,0.334988
14,269,266,266,0,0.335830
15,262,267,267,0,0.329146
16,265,267,266,0,0.332080
17,268,267,266,0,0.334582
18,271,267,268,0,0.336228
19,264,266,267,0,0.331242
20,269,266,265,0,0.336250
21,263,266,267,0,0.330402
22,270,268,268,0,0.334988
23,266,266,266,0,0.333333
24,265,267,267,0,0.331665
25,265,267,266,0,0.332080
26,267,267,266,0,0.333750
27,271,267,267,0,0.336646
28,263,266,268,0,0.329987
29,270,266,265,0,0.337079
30,257,265,268,0,0.325316
31,276,269,267,0,0.339901
32,268,266,265,0,0.335419
33,263,267,268,0,0.329574
34,265,267,266,0,0.332080
35,268,267,266,0,0.334582
36,266,266,268,0,0.332500
37,265,267,267,0,0.331665
38,272,266,265,0,0.338730
39,263,266,268,0,0.329987
40,270,268,267,0,0.335404
41,266,266,266,0,0.333333
42,265,267,267,0,0.331665
43,269,267,266,0,0.335411
44,263,267,266,0,0.330402
45,271,267,268,0,0.336228
46,263,266,267,0,0.330402
47,269,266,265,0,0.336250
48,262,265,268,0,0.329560
49,272,269,267,0,0.336634
50,268,266,264,0,0.335840
51,260,267,268,0,0.327044
52,269,267,267,0,0.334994
53,265,266,266,0,0.332497
54,272,268,267,0,0.337051
55,262,266,268,0,0.329146
56,271,266,265,0,0.337905
57,259,265,267,0,0.327434
58,274,269,268,0,0.337855
59,266,266,266,0,0.333333
60,265,267,267,0,0.331665
61,269,267,266,0,0.335411
62,264,267,266,0,0.331242
63,270,267,268,0,0.335404
64,263,266,267,0,0.330402
65,270,266,265,0,0.337079
66,263,265,268,0,0.330402
67,270,269,267,0,0.334988
68,268,266,265,0,0.335419
69,263,266,268,0,0.329987
70,265,268,266,0,0.331665
71,267,267,266,0,0.333750
72,271,267,267,0,0.336646
73,262,266,268,0,0.329146
74,267,266,265,0,0.334586
75,264,265,268,0,0.331242
76,273,269,267,0,0.337454
77,265,266,266,0,0.332497
78,267,267,267,0,0.333333
79,267,267,266,0,0.333750
80,264,267,266,0,0.331242
81,271,267,267,0,0.336646
82,264,266,268,0,0.330827
83,268,266,265,0,0.335419
84,264,265,268,0,0.331242
85,270,269,267,0,0.334988
86,268,266,264,0,0.335840
87,263,267,269,0,0.329161
88,266,267,266,0,0.332916
89,267,267,266,0,0.333750
90,269,267,267,0,0.334994
91,262,266,268,0,0.329146
92,269,266,265,0,0.336250
93,266,266,268,0,0.332500
94,269,268,267,0,0.334577
95,268,266,266,0,0.335000
96,263,267,267,0,0.329987
97,267,267,265,0,0.334168
98,265,267,267,0,0.331665
99,272,267,268,0,0.337051
100,264,266,267,0,0.331242
101,268,266,266,0,0.335000
102,264,265,267,0,0.331658
103,270,269,267,0,0.334988
104,263,266,265,0,0.331234
105,268,267,268,0,0.333748
106,267,267,266,0,0.333750
107,266,267,266,0,0.332916
108,270,266,267,0,0.336239
109,260,267,267,0,0.327456
110,273,266,266,0,0.339130
111,264,265,268,0,0.331242
112,269,269,267,0,0.334161
113,265,266,264,0,0.333333
114,265,267,269,0,0.330836
115,267,267,266,0,0.333750
116,266,267,266,0,0.332916
117,271,267,267,0,0.336646
118,256,264,265,0,0.326115
119,275,268,269,0,0.338670
120,262,265,266,0,0.330391
121,272,269,268,0,0.336218
122,267,265,266,0,0.334586
123,265,268,267,0,0.331250
124,266,267,265,0,0.333333
125,266,266,267,0,0.332916
126,271,268,268,0,0.335812
127,264,266,267,0,0.331242
128,268,266,265,0,0.335419
129,263,266,268,0,0.329987
130,269,268,266,0,0.334994
131,267,266,266,0,0.334168
132,266,267,268,0,0.332085
133,269,267,266,0,0.335411
134,263,266,266,0,0.330818
135,270,268,266,0,0.335821
136,263,266,269,0,0.329574
137,271,266,265,0,0.337905
138,260,266,268,0,0.327456
139,272,268,267,0,0.337051
140,267,265,266,0,0.334586
141,263,267,267,0,0.329987
142,267,268,265,0,0.333750
143,268,266,267,0,0.334582
144,270,268,266,0,0.335821
145,262,266,268,0,0.329146
146,271,266,266,0,0.337484
147,264,266,267,0,0.331242
148,268,268,268,0,0.333333
149,265,265,266,0,0.332915
150,266,268,267,0,0.332085
151,265,267,265,0,0.332497
152,268,266,267,0,0.334582
153,269,266,267,0,0.335411
154,267,267,268,0,0.332918
155,264,267,265,0,0.331658
156,267,266,268,0,0.333333
157,269,268,267,0,0.334577
158,269,266,265,0,0.336250
159,262,267,268,0,0.328733
160,269,265,266,0,0.336250
161,261,268,266,0,0.328302
162,272,268,267,0,0.337051
163,261,264,268,0,0.329130
164,272,268,264,0,0.338308
165,265,266,266,0,0.332497
166,268,267,269,0,0.333333
167,266,266,265,0,0.333752
168,265,268,269,0,0.330424
169,263,265,264,0,0.332071
170,271,267,266,0,0.337065
171,268,266,267,0,0.334582
172,266,264,267,0,0.333752
173,266,268,269,0,0.331258
174,268,266,264,0,0.335840
175,266,269,269,0,0.330846
176,269,267,263,0,0.336671
177,266,264,266,0,0.334171
178,266,269,268,0,0.331258
179,267,264,268,0,0.334168
180,267,269,268,0,0.332090
181,265,266,266,0,0.332497
182,267,269,267,0,0.332503
183,266,263,264,0,0.335435
184,267,269,267,0,0.332503
185,267,266,266,0,0.334168
186,264,266,268,0,0.330827
187,270,266,266,0,0.336658
188,265,267,267,0,0.331665
189,268,267,270,0,0.332919
190,265,267,264,0,0.332915
191,270,266,267,0,0.336239
192,264,265,267,0,0.331658
193,264,269,266,0,0.330413
194,270,266,266,0,0.336658
195,266,267,269,0,0.331671
196,268,268,265,0,0.334582
197,266,264,267,0,0.333752
198,265,271,265,0,0.330836
199,268,265,268,0,0.334582
200,268,265,268,0,0.334582
201,267,267,266,0,0.333750
202,266,267,266,0,0.332916
203,268,269,265,0,0.334165
204,266,265,266,0,0.333752
205,266,268,269,0,0.331258
206,268,264,265,0,0.336261
207,265,268,270,0,0.330012
208,269,266,266,0,0.335830
209,261,267,267,0,0.328302
210,272,266,267,0,0.337888
211,267,269,264,0,0.333750
212,262,264,267,0,0.330391
213,268,265,270,0,0.333748
214,269,268,264,0,0.335830
215,268,266,267,0,0.334582
216,265,267,268,0,0.331250
217,268,267,266,0,0.334582
218,265,268,265,0,0.332080
219,266,263,268,0,0.333752
220,268,271,266,0,0.332919
221,264,267,267,0,0.330827
222,267,265,268,0,0.333750
223,266,268,266,0,0.332500
224,269,265,265,0,0.336671
225,268,268,268,0,0.333333
226,264,268,266,0,0.330827
227,266,264,265,0,0.334591
228,268,265,269,0,0.334165
229,268,270,268,0,0.332506
230,267,265,264,0,0.335427
231,264,266,268,0,0.330827
232,268,270,266,0,0.333333
233,267,264,267,0,0.334586
234,265,269,266,0,0.331250
235,267,264,267,0,0.334586
236,267,267,267,0,0.333333
237,268,267,266,0,0.334582
238,268,269,266,0,0.333748
239,264,264,265,0,0.332913
240,267,268,271,0,0.331266
241,267,269,265,0,0.333333
242,266,264,265,0,0.334591
243,265,268,269,0,0.330424
244,265,265,265,0,0.333333
245,270,266,270,0,0.334988
246,264,267,266,0,0.331242
247,270,269,265,0,0.335821
248,263,264,266,0,0.331652
249,269,268,267,0,0.334577
250,269,266,267,0,0.335411
251,263,266,267,0,0.330402
252,270,267,264,0,0.337079
253,264,269,270,0,0.328767
254,267,264,268,0,0.334168
255,267,266,266,0,0.334168
256,268,267,266,0,0.334582
257,268,270,263,0,0.334582
258,267,264,269,0,0.333750
259,263,268,266,0,0.329987
260,267,266,268,0,0.333333
261,267,268,265,0,0.333750
262,267,262,268,0,0.335006
263,269,270,269,0,0.332921
264,262,264,266,0,0.330808
265,270,270,265,0,0.335404
266,264,268,266,0,0.330827
267,269,264,267,0,0.336250
268,267,268,267,0,0.332918
269,266,264,268,0,0.333333
270,263,270,267,0,0.328750
271,273,265,266,0,0.339552
272,263,263,263,0,0.333333
273,266,271,269,0,0.330025
274,268,266,267,0,0.334582
275,270,269,266,0,0.335404
276,263,266,266,0,0.330818
277,266,266,267,0,0.332916
278,267,267,266,0,0.333750
279,268,266,269,0,0.333748
280,265,269,266,0,0.331250
281,271,266,266,0,0.337484
282,264,262,268,0,0.332494
283,267,269,266,0,0.332918
284,263,265,265,0,0.331652
285,266,268,270,0,0.330846
286,271,268,264,0,0.337484
287,266,266,268,0,0.332500
288,267,268,268,0,0.332503
289,267,264,266,0,0.335006
290,267,270,266,0,0.332503
291,264,261,267,0,0.333333
292,269,271,266,0,0.333747
293,268,268,266,0,0.334165
294,262,264,268,0,0.329975
295,269,267,266,0,0.335411
296,265,267,266,0,0.332080
297,268,268,268,0,0.333333
298,265,266,267,0,0.332080
299,269,267,267,0,0.334994
300,264,269,266,0,0.330413
301,272,266,269,0,0.337051
302,268,266,266,0,0.335000
303,263,267,267,0,0.329987
304,265,267,266,0,0.332080
305,266,267,266,0,0.332916
306,272,267,268,0,0.337051
307,259,266,267,0,0.327020
308,273,266,265,0,0.339552
309,263,267,268,0,0.329574
310,271,267,267,0,0.336646
311,268,266,265,0,0.335419
312,263,266,268,0,0.329987
313,268,268,266,0,0.334165
314,265,267,266,0,0.332080
315,270,267,267,0,0.335821
316,263,266,268,0,0.329987
317,268,266,266,0,0.335000
318,265,266,267,0,0.332080
319,269,268,267,0,0.334577
320,266,266,266,0,0.333333
321,265,267,267,0,0.331665
322,267,267,266,0,0.333750
323,266,267,266,0,0.332916
324,271,267,268,0,0.336228
325,262,266,267,0,0.329560
326,270,266,265,0,0.337079
327,264,266,268,0,0.330827
328,270,268,267,0,0.335404
329,265,265,264,0,0.333753
330,266,268,269,0,0.331258
331,267,267,266,0,0.333750
332,266,267,266,0,0.332916
333,270,267,268,0,0.335404
334,263,266,267,0,0.330402
335,267,266,265,0,0.334586
336,265,266,267,0,0.332080
337,271,268,268,0,0.335812
338,267,266,265,0,0.334586
339,263,267,268,0,0.329574
340,266,267,266,0,0.332916
341,268,267,266,0,0.334582
342,270,267,268,0,0.335404
343,262,266,267,0,0.329560
344,267,266,266,0,0.334168
345,265,266,266,0,0.332497
346,271,268,268,0,0.335812
347,269,266,266,0,0.335830
348,263,267,267,0,0.329987
349,269,267,266,0,0.335411
350,264,267,266,0,0.331242
351,270,267,268,0,0.335404
352,263,266,267,0,0.330402
353,269,266,265,0,0.336250
354,263,265,268,0,0.330402
355,271,269,267,0,0.335812
356,265,266,266,0,0.332497
357,266,267,267,0,0.332500
358,267,267,266,0,0.333750
359,265,267,266,0,0.332080
360,4,2,7,0,0.307692
