run_id,policy,t_rel_s,c1_search_viol_pct,n_c1_search,all_viol_pct,S1_pct,S2_pct,S3_pct
A_server_site_s3,site_s3,0,0.0,134,0.0,0.0,0.0,100.0
A_server_site_s3,site_s3,1,0.0,133,0.0,0.0,0.0,100.0
A_server_site_s3,site_s3,2,0.0,132,0.0,0.0,0.0,100.0
A_server_site_s3,site_s3,3,0.0,135,0.0,0.0,0.0,100.0
A_server_site_s3,site_s3,4,0.0,133,0.0,0.0,0.0,100.0
A_server_site_s3,site_s3,5,0.7519,133,1.0025,0.0,0.0,100.0
A_server_site_s3,site_s3,6,0.0,133,0.0,0.0,0.0,100.0
A_server_site_s3,site_s3,7,0.0,133,0.0,0.0,0.0,100.0
A_server_site_s3,site_s3,8,0.0,134,0.0,0.0,0.0,100.0
A_server_site_s3,site_s3,9,0.0,134,0.0,0.0,0.0,100.0
A_server_site_s3,site_s3,10,0.0,133,0.0,0.0,0.0,100.0
A_server_site_s3,site_s3,11,0.0,132,0.0,0.0,0.0,100.0
A_server_site_s3,site_s3,12,0.0,134,0.0,0.0,0.0,100.0
A_server_site_s3,site_s3,13,0.0,134,0.0,0.0,0.0,100.0
A_server_site_s3,site_s3,14,0.0,133,0.0,0.0,0.0,100.0
A_server_site_s3,site_s3,15,0.7576,132,0.75,0.0,0.0,100.0
A_server_site_s3,site_s3,16,0.0,134,0.0,0.0,0.0,100.0
A_server_site_s3,site_s3,17,0.0,134,0.0,0.0,0.0,100.0
A_server_site_s3,site_s3,18,0.0,134,0.0,0.0,0.0,100.0
A_server_site_s3,site_s3,19,0.0,133,0.0,0.0,0.0,100.0
A_server_site_s3,site_s3,20,0.0,132,0.0,0.0,0.0,100.0
A_server_site_s3,site_s3,21,0.0,134,0.0,0.0,0.0,100.0
A_server_site_s3,site_s3,22,0.0,134,0.0,0.0,0.0,100.0
A_server_site_s3,site_s3,23,0.0,133,0.0,0.0,0.0,100.0
A_server_site_s3,site_s3,24,0.7576,132,0.625,0.0,0.0,100.0
A_server_site_s3,site_s3,25,0.0,134,0.0,0.0,0.0,100.0
A_server_site_s3,site_s3,26,0.0,134,0.0,0.0,0.0,100.0
A_server_site_s3,site_s3,27,0.0,134,0.0,0.0,0.0,100.0
A_server_site_s3,site_s3,28,0.0,133,0.0,0.0,0.0,100.0
A_server_site_s3,site_s3,29,0.0,132,0.0,0.0,0.0,100.0
A_server_site_s3,site_s3,30,0.0,135,0.0,0.0,0.0,100.0
A_server_site_s3,site_s3,31,0.0,133,0.0,0.0,0.0,100.0
A_server_site_s3,site_s3,32,0.0,133,0.0,0.0,0.0,100.0
A_server_site_s3,site_s3,33,0.0,133,0.0,0.0,0.0,100.0
A_server_site_s3,site_s3,34,0.0,133,0.0,0.0,0.0,100.0
A_server_site_s3,site_s3,35,0.0,134,0.0,0.0,0.0,100.0
A_server_site_s3,site_s3,36,0.0,134,0.0,0.0,0.0,100.0
A_server_site_s3,site_s3,37,0.0,133,0.0,0.0,0.0,100.0
A_server_site_s3,site_s3,38,0.0,132,0.0,0.0,0.0,100.0
A_server_site_s3,site_s3,39,0.0,135,0.0,0.0,0.0,100.0
A_server_site_s3,site_s3,40,0.0,133,0.0,0.0,0.0,100.0
A_server_site_s3,site_s3,41,0.0,133,0.0,0.0,0.0,100.0
A_server_site_s3,site_s3,42,0.0,132,0.0,0.0,0.0,100.0
A_server_site_s3,site_s3,43,0.0,134,0.0,0.0,0.0,100.0
A_server_site_s3,site_s3,44,0.0,134,0.0,0.0,0.0,100.0
A_server_site_s3,site_s3,45,0.0,134,0.0,0.0,0.0,100.0
A_server_site_s3,site_s3,46,0.0,133,0.0,0.0,0.0,100.0
A_server_site_s3,site_s3,47,0.0,132,0.0,0.0,0.0,100.0
A_server_site_s3,site_s3,48,0.0,135,0.0,0.0,0.0,100.0
A_server_site_s3,site_s3,49,0.0,133,0.0,0.0,0.0,100.0
A_server_site_s3,site_s3,50,0.0,133,0.0,0.0,0.0,100.0
A_server_site_s3,site_s3,51,0.0,133,0.0,0.0,0.0,100.0
A_server_site_s3,site_s3,52,0.0,133,0.0,0.0,0.0,100.0
A_server_site_s3,site_s3,53,0.0,134,0.0,0.0,0.0,100.0
A_server_site_s3,site_s3,54,0.0,134,0.0,0.0,0.0,100.0
A_server_site_s3,site_s3,55,0.7519,133,0.1253,0.0,0.0,100.0
A_server_site_s3,site_s3,56,0.0,132,0.0,0.0,0.0,100.0
A_server_site_s3,site_s3,57,0.0,135,0.0,0.0,0.0,100.0
A_server_site_s3,site_s3,58,0.0,133,0.0,0.0,0.0,100.0
A_server_site_s3,site_s3,59,0.0,133,0.0,0.0,0.0,100.0
A_server_site_s3,site_s3,60,0.0,133,0.0,0.0,0.0,100.0
A_server_site_s3,site_s3,61,0.0,133,0.0,0.0,0.0,100.0
A_server_site_s3,site_s3,62,0.0,134,0.0,0.0,0.0,100.0
A_server_site_s3,site_s3,63,0.0,134,0.0,0.0,0.0,100.0
A_server_site_s3,site_s3,64,0.0,133,0.0,0.0,0.0,100.0
A_server_site_s3,site_s3,65,0.0,132,0.1248,0.0,0.0,100.0
A_server_site_s3,site_s3,66,0.0,134,0.0,0.0,0.0,100.0
A_server_site_s3,site_s3,67,0.0,134,0.0,0.0,0.0,100.0
A_server_site_s3,site_s3,68,0.0,133,0.0,0.0,0.0,100.0
A_server_site_s3,site_s3,69,0.0,132,0.0,0.0,0.0,100.0
A_server_site_s3,site_s3,70,0.0,134,0.0,0.0,0.0,100.0
A_server_site_s3,site_s3,71,0.0,134,0.0,0.0,0.0,100.0
A_server_site_s3,site_s3,72,0.0,134,0.0,0.0,0.0,100.0
A_server_site_s3,site_s3,73,0.0,133,0.0,0.0,0.0,100.0
A_server_site_s3,site_s3,74,0.0,132,0.0,0.0,0.0,100.0
A_server_site_s3,site_s3,75,0.0,135,0.125,0.0,0.0,100.0
A_server_site_s3,site_s3,76,0.0,133,0.0,0.0,0.0,100.0
A_server_site_s3,site_s3,77,0.0,133,0.0,0.0,0.0,100.0
A_server_site_s3,site_s3,78,0.0,132,0.0,0.0,0.0,100.0
A_server_site_s3,site_s3,79,0.0,134,0.0,0.0,0.0,100.0
A_server_site_s3,site_s3,80,0.0,134,0.0,0.0,0.0,100.0
A_server_site_s3,site_s3,81,0.0,134,0.0,0.0,0.0,100.0
A_server_site_s3,site_s3,82,0.0,133,0.0,0.0,0.0,100.0
A_server_site_s3,site_s3,83,0.0,132,0.0,0.0,0.0,100.0
A_server_site_s3,site_s3,84,0.0,135,0.0,0.0,0.0,100.0
A_server_site_s3,site_s3,85,0.0,133,0.1248,0.0,0.0,100.0
A_server_site_s3,site_s3,86,0.0,133,0.0,0.0,0.0,100.0
A_server_site_s3,site_s3,87,0.0,133,0.0,0.0,0.0,100.0
A_server_site_s3,site_s3,88,0.0,133,0.0,0.0,0.0,100.0
A_server_site_s3,site_s3,89,0.0,134,0.0,0.0,0.0,100.0
A_server_site_s3,site_s3,90,0.0,134,0.0,0.0,0.0,100.0
A_server_site_s3,site_s3,91,0.0,133,0.0,0.0,0.0,100.0
A_server_site_s3,site_s3,92,0.0,132,0.0,0.0,0.0,100.0
A_server_site_s3,site_s3,93,0.0,135,0.0,0.0,0.0,100.0
A_server_site_s3,site_s3,94,0.0,133,0.0,0.0,0.0,100.0
A_server_site_s3,site_s3,95,0.0,133,0.0,0.0,0.0,100.0
A_server_site_s3,site_s3,96,0.0,133,0.0,0.0,0.0,100.0
A_server_site_s3,site_s3,97,0.0,133,0.0,0.0,0.0,100.0
A_server_site_s3,site_s3,98,0.0,134,0.0,0.0,0.0,100.0
A_server_site_s3,site_s3,99,0.0,134,0.0,0.0,0.0,100.0
A_server_site_s3,site_s3,100,0.0,133,0.0,0.0,0.0,100.0
A_server_site_s3,site_s3,101,0.0,132,0.0,0.0,0.0,100.0
A_server_site_s3,site_s3,102,0.0,135,0.0,0.0,0.0,100.0
A_server_site_s3,site_s3,103,0.0,133,0.0,0.0,0.0,100.0
A_server_site_s3,site_s3,104,0.0,134,0.0,0.0,0.0,100.0
A_server_site_s3,site_s3,105,0.0,132,0.125,0.0,0.0,100.0
A_server_site_s3,site_s3,106,0.0,133,0.0,0.0,0.0,100.0
A_server_site_s3,site_s3,107,0.0,134,0.0,0.0,0.0,100.0
A_server_site_s3,site_s3,108,0.0,134,0.0,0.0,0.0,100.0
A_server_site_s3,site_s3,109,0.0,133,0.0,0.0,0.0,100.0
A_server_site_s3,site_s3,110,0.0,132,0.0,0.0,0.0,100.0
A_server_site_s3,site_s3,111,0.0,134,0.0,0.0,0.0,100.0
A_server_site_s3,site_s3,112,0.0,134,0.0,0.0,0.0,100.0
A_server_site_s3,site_s3,113,0.0,133,0.0,0.0,0.0,100.0
A_server_site_s3,site_s3,114,0.0,132,0.0,0.0,0.0,100.0
A_server_site_s3,site_s3,115,0.0,134,0.1248,0.0,0.0,100.0
A_server_site_s3,site_s3,116,0.0,134,0.0,0.0,0.0,100.0
A_server_site_s3,site_s3,117,0.0,133,0.0,0.0,0.0,100.0
A_server_site_s3,site_s3,118,0.0,134,0.0,0.0,0.0,100.0
A_server_site_s3,site_s3,119,0.0,132,0.0,0.0,0.0,100.0
A_server_site_s3,site_s3,120,2.9851,134,3.3792,0.0,0.0,100.0
A_server_site_s3,site_s3,121,6.015,133,3.0038,0.0,0.0,100.0
A_server_site_s3,site_s3,122,8.2707,133,5.5138,0.0,0.0,100.0
A_server_site_s3,site_s3,123,11.2782,133,7.3474,0.0,0.0,100.0
A_server_site_s3,site_s3,124,7.5188,133,4.8872,0.0,0.0,100.0
A_server_site_s3,site_s3,125,8.8889,135,6.2422,0.0,0.0,100.0
A_server_site_s3,site_s3,126,6.8182,132,4.1457,0.0,0.0,100.0
A_server_site_s3,site_s3,127,5.9259,135,3.9851,0.0,0.0,100.0
A_server_site_s3,site_s3,128,5.3435,131,3.5,0.0,0.0,100.0
A_server_site_s3,site_s3,129,19.403,134,15.8552,0.0,0.0,100.0
A_server_site_s3,site_s3,130,2.9851,134,2.6316,0.0,0.0,100.0
A_server_site_s3,site_s3,131,4.5113,133,2.625,0.0,0.0,100.0
A_server_site_s3,site_s3,132,3.7594,133,2.625,0.0,0.0,100.0
A_server_site_s3,site_s3,133,8.2707,133,5.2434,0.0,0.0,100.0
A_server_site_s3,site_s3,134,5.9701,134,2.8786,0.0,0.0,100.0
A_server_site_s3,site_s3,135,5.9701,134,4.9938,0.0,0.0,100.0
A_server_site_s3,site_s3,136,3.0075,133,2.375,0.0,0.0,100.0
A_server_site_s3,site_s3,137,6.0606,132,3.0,0.0,0.0,100.0
A_server_site_s3,site_s3,138,11.194,134,6.5,0.0,0.0,100.0
A_server_site_s3,site_s3,139,4.4776,134,2.6185,0.0,0.0,100.0
A_server_site_s3,site_s3,140,3.7879,132,3.7831,0.0,0.0,100.0
A_server_site_s3,site_s3,141,4.4776,134,2.1066,0.0,0.0,100.0
A_server_site_s3,site_s3,142,11.9403,134,7.6155,0.0,0.0,100.0
A_server_site_s3,site_s3,143,4.4776,134,4.25,0.0,0.0,100.0
A_server_site_s3,site_s3,144,6.015,133,6.7584,0.0,0.0,100.0
A_server_site_s3,site_s3,145,5.3435,131,4.9118,0.0,0.0,100.0
A_server_site_s3,site_s3,146,7.4627,134,5.985,0.0,0.0,100.0
A_server_site_s3,site_s3,147,5.9259,135,3.8557,0.0,0.0,100.0
A_server_site_s3,site_s3,148,1.5038,133,2.5063,0.0,0.0,100.0
A_server_site_s3,site_s3,149,6.8182,132,5.0251,0.0,0.0,100.0
A_server_site_s3,site_s3,150,7.4627,134,4.3424,0.0,0.0,100.0
A_server_site_s3,site_s3,151,3.7313,134,2.1223,0.0,0.0,100.0
A_server_site_s3,site_s3,152,17.1642,134,14.6801,0.0,0.0,100.0
A_server_site_s3,site_s3,153,5.2632,133,4.125,0.0,0.0,100.0
A_server_site_s3,site_s3,154,8.3969,131,6.0453,0.0,0.0,100.0
A_server_site_s3,site_s3,155,11.1111,135,7.5589,0.0,0.0,100.0
A_server_site_s3,site_s3,156,4.4776,134,2.75,0.0,0.0,100.0
A_server_site_s3,site_s3,157,7.5758,132,4.3915,0.0,0.0,100.0
A_server_site_s3,site_s3,158,6.6667,135,3.6205,0.0,0.0,100.0
A_server_site_s3,site_s3,159,6.0606,132,3.4956,0.0,0.0,100.0
A_server_site_s3,site_s3,160,7.4627,134,4.7441,0.0,0.0,100.0
A_server_site_s3,site_s3,161,5.2239,134,4.875,0.0,0.0,100.0
A_server_site_s3,site_s3,162,14.3939,132,7.5377,0.0,0.0,100.0
A_server_site_s3,site_s3,163,7.5188,133,4.75,0.0,0.0,100.0
A_server_site_s3,site_s3,164,5.2239,134,2.8607,0.0,0.0,100.0
A_server_site_s3,site_s3,165,8.9552,134,6.9913,0.0,0.0,100.0
A_server_site_s3,site_s3,166,6.7669,133,4.1302,0.0,0.0,100.0
A_server_site_s3,site_s3,167,6.015,133,3.6341,0.0,0.0,100.0
A_server_site_s3,site_s3,168,4.5802,131,2.2613,0.0,0.0,100.0
A_server_site_s3,site_s3,169,10.3704,135,4.9689,0.0,0.0,100.0
A_server_site_s3,site_s3,170,5.2239,134,3.1289,0.0,0.0,100.0
A_server_site_s3,site_s3,171,10.4478,134,5.3952,0.0,0.0,100.0
A_server_site_s3,site_s3,172,11.3636,132,8.7391,0.0,0.0,100.0
A_server_site_s3,site_s3,173,9.7015,134,6.9652,0.0,0.0,100.0
A_server_site_s3,site_s3,174,7.4627,134,4.4944,0.0,0.0,100.0
A_server_site_s3,site_s3,175,16.6667,132,15.7828,0.0,0.0,100.0
A_server_site_s3,site_s3,176,11.194,134,6.9825,0.0,0.0,100.0
A_server_site_s3,site_s3,177,2.2556,133,3.6115,0.0,0.0,100.0
A_server_site_s3,site_s3,178,6.015,133,5.0,0.0,0.0,100.0
A_server_site_s3,site_s3,179,8.1481,135,7.3842,0.0,0.0,100.0
A_server_site_s3,site_s3,180,10.6061,132,4.3805,0.0,0.0,100.0
A_server_site_s3,site_s3,181,3.7313,134,2.2472,0.0,0.0,100.0
A_server_site_s3,site_s3,182,6.8182,132,4.25,0.0,0.0,100.0
A_server_site_s3,site_s3,183,6.7164,134,4.0,0.0,0.0,100.0
A_server_site_s3,site_s3,184,10.5263,133,5.375,0.0,0.0,100.0
A_server_site_s3,site_s3,185,7.4074,135,5.3683,0.0,0.0,100.0
A_server_site_s3,site_s3,186,4.5802,131,2.25,0.0,0.0,100.0
A_server_site_s3,site_s3,187,8.8889,135,6.3591,0.0,0.0,100.0
A_server_site_s3,site_s3,188,2.2388,134,1.875,0.0,0.0,100.0
A_server_site_s3,site_s3,189,6.7164,134,3.7547,0.0,0.0,100.0
A_server_site_s3,site_s3,190,3.8168,131,3.2622,0.0,0.0,100.0
A_server_site_s3,site_s3,191,11.2782,133,4.4832,0.0,0.0,100.0
A_server_site_s3,site_s3,192,2.2222,135,1.3716,0.0,0.0,100.0
A_server_site_s3,site_s3,193,2.9851,134,3.125,0.0,0.0,100.0
A_server_site_s3,site_s3,194,10.687,131,6.4151,0.0,0.0,100.0
A_server_site_s3,site_s3,195,11.194,134,8.1047,0.0,0.0,100.0
A_server_site_s3,site_s3,196,8.2707,133,4.6192,0.0,0.0,100.0
A_server_site_s3,site_s3,197,11.9403,134,6.125,0.0,0.0,100.0
A_server_site_s3,site_s3,198,15.7895,133,10.8586,0.0,0.0,100.0
A_server_site_s3,site_s3,199,8.2707,133,6.5839,0.0,0.0,100.0
A_server_site_s3,site_s3,200,11.194,134,6.592,0.0,0.0,100.0
A_server_site_s3,site_s3,201,2.2388,134,1.5019,0.0,0.0,100.0
A_server_site_s3,site_s3,202,6.8182,132,5.6391,0.0,0.0,100.0
A_server_site_s3,site_s3,203,8.209,134,4.7441,0.0,0.0,100.0
A_server_site_s3,site_s3,204,1.5152,132,1.2516,0.0,0.0,100.0
A_server_site_s3,site_s3,205,14.0741,135,12.3288,0.0,0.0,100.0
A_server_site_s3,site_s3,206,4.5455,132,3.1368,0.0,0.0,100.0
A_server_site_s3,site_s3,207,7.4627,134,4.1302,0.0,0.0,100.0
A_server_site_s3,site_s3,208,2.2727,132,1.2516,0.0,0.0,100.0
A_server_site_s3,site_s3,209,14.0741,135,8.4472,0.0,0.0,100.0
A_server_site_s3,site_s3,210,8.209,134,5.618,0.0,0.0,100.0
A_server_site_s3,site_s3,211,1.5038,133,1.0025,0.0,0.0,100.0
A_server_site_s3,site_s3,212,8.9552,134,5.3683,0.0,0.0,100.0
A_server_site_s3,site_s3,213,2.2901,131,2.8822,0.0,0.0,100.0
A_server_site_s3,site_s3,214,5.1852,135,4.4888,0.0,0.0,100.0
A_server_site_s3,site_s3,215,16.6667,132,12.6884,0.0,0.0,100.0
A_server_site_s3,site_s3,216,7.5188,133,4.375,0.0,0.0,100.0
A_server_site_s3,site_s3,217,7.4627,134,3.5,0.0,0.0,100.0
A_server_site_s3,site_s3,218,5.2632,133,2.1144,0.0,0.0,100.0
A_server_site_s3,site_s3,219,4.4444,135,2.75,0.0,0.0,100.0
A_server_site_s3,site_s3,220,1.4925,134,1.1236,0.0,0.0,100.0
A_server_site_s3,site_s3,221,11.5385,130,7.1429,0.0,0.0,100.0
A_server_site_s3,site_s3,222,16.4179,134,13.0864,0.0,0.0,100.0
A_server_site_s3,site_s3,223,3.7037,135,2.4783,0.0,0.0,100.0
A_server_site_s3,site_s3,224,6.7669,133,4.1405,0.0,0.0,100.0
A_server_site_s3,site_s3,225,9.7015,134,7.6345,0.0,0.0,100.0
A_server_site_s3,site_s3,226,8.3333,132,3.6341,0.0,0.0,100.0
A_server_site_s3,site_s3,227,2.9851,134,3.2298,0.0,0.0,100.0
A_server_site_s3,site_s3,228,5.9701,134,4.1302,0.0,0.0,100.0
A_server_site_s3,site_s3,229,5.9701,134,5.2434,0.0,0.0,100.0
A_server_site_s3,site_s3,230,8.3333,132,5.5346,0.0,0.0,100.0
A_server_site_s3,site_s3,231,3.0303,132,3.1211,0.0,0.0,100.0
A_server_site_s3,site_s3,232,11.1111,135,7.472,0.0,0.0,100.0
A_server_site_s3,site_s3,233,5.9701,134,3.6295,0.0,0.0,100.0
A_server_site_s3,site_s3,234,7.5188,133,3.75,0.0,0.0,100.0
A_server_site_s3,site_s3,235,8.2707,133,5.0063,0.0,0.0,100.0
A_server_site_s3,site_s3,236,6.0606,132,5.125,0.0,0.0,100.0
A_server_site_s3,site_s3,237,4.4444,135,3.7406,0.0,0.0,100.0
A_server_site_s3,site_s3,238,9.0226,133,5.7572,0.0,0.0,100.0
A_server_site_s3,site_s3,239,6.7164,134,4.375,0.0,0.0,100.0
A_server_site_s3,site_s3,240,0.0,132,0.0,0.0,0.0,100.0
A_server_site_s3,site_s3,241,0.0,134,0.0,0.0,0.0,100.0
A_server_site_s3,site_s3,242,0.0,134,0.0,0.0,0.0,100.0
A_server_site_s3,site_s3,243,0.0,134,0.0,0.0,0.0,100.0
A_server_site_s3,site_s3,244,0.0,133,0.0,0.0,0.0,100.0
A_server_site_s3,site_s3,245,0.7576,132,0.5,0.0,0.0,100.0
A_server_site_s3,site_s3,246,0.0,134,0.0,0.0,0.0,100.0
A_server_site_s3,site_s3,247,0.0,134,0.0,0.0,0.0,100.0
A_server_site_s3,site_s3,248,0.0,133,0.0,0.0,0.0,100.0
A_server_site_s3,site_s3,249,0.0,133,0.0,0.0,0.0,100.0
A_server_site_s3,site_s3,250,0.0,133,0.0,0.0,0.0,100.0
A_server_site_s3,site_s3,251,0.0,134,0.0,0.0,0.0,100.0
A_server_site_s3,site_s3,252,0.0,134,0.0,0.0,0.0,100.0
A_server_site_s3,site_s3,253,0.0,133,0.0,0.0,0.0,100.0
A_server_site_s3,site_s3,254,0.0,132,0.0,0.0,0.0,100.0
A_server_site_s3,site_s3,255,0.7463,134,0.5006,0.0,0.0,100.0
A_server_site_s3,site_s3,256,0.0,134,0.0,0.0,0.0,100.0
A_server_site_s3,site_s3,257,0.0,133,0.0,0.0,0.0,100.0
A_server_site_s3,site_s3,258,0.0,133,0.0,0.0,0.0,100.0
A_server_site_s3,site_s3,259,0.0,133,0.0,0.0,0.0,100.0
A_server_site_s3,site_s3,260,0.0,134,0.0,0.0,0.0,100.0
A_server_site_s3,site_s3,261,0.0,134,0.0,0.0,0.0,100.0
A_server_site_s3,site_s3,262,0.0,133,0.0,0.0,0.0,100.0
A_server_site_s3,site_s3,263,0.0,132,0.0,0.0,0.0,100.0
A_server_site_s3,site_s3,264,0.0,135,0.0,0.0,0.0,100.0
A_server_site_s3,site_s3,265,0.0,133,0.2497,0.0,0.0,100.0
A_server_site_s3,site_s3,266,0.0,133,0.0,0.0,0.0,100.0
A_server_site_s3,site_s3,267,0.0,132,0.0,0.0,0.0,100.0
A_server_site_s3,site_s3,268,0.0,134,0.0,0.0,0.0,100.0
A_server_site_s3,site_s3,269,0.0,134,0.0,0.0,0.0,100.0
A_server_site_s3,site_s3,270,0.0,134,0.0,0.0,0.0,100.0
A_server_site_s3,site_s3,271,0.0,133,0.0,0.0,0.0,100.0
A_server_site_s3,site_s3,272,0.0,132,0.0,0.0,0.0,100.0
A_server_site_s3,site_s3,273,0.0,134,0.0,0.0,0.0,100.0
A_server_site_s3,site_s3,274,0.0,134,0.0,0.0,0.0,100.0
A_server_site_s3,site_s3,275,1.5038,133,1.3784,0.0,0.0,100.0
A_server_site_s3,site_s3,276,0.0,132,0.0,0.0,0.0,100.0
A_server_site_s3,site_s3,277,0.0,134,0.0,0.0,0.0,100.0
A_server_site_s3,site_s3,278,0.0,134,0.0,0.0,0.0,100.0
A_server_site_s3,site_s3,279,0.0,134,0.0,0.0,0.0,100.0
A_server_site_s3,site_s3,280,0.0,133,0.0,0.0,0.0,100.0
A_server_site_s3,site_s3,281,0.0,132,0.0,0.0,0.0,100.0
A_server_site_s3,site_s3,282,0.0,134,0.0,0.0,0.0,100.0
A_server_site_s3,site_s3,283,0.0,134,0.0,0.0,0.0,100.0
A_server_site_s3,site_s3,284,0.0,134,0.0,0.0,0.0,100.0
A_server_site_s3,site_s3,285,1.5152,132,1.25,0.0,0.0,100.0
A_server_site_s3,site_s3,286,0.0,133,0.0,0.0,0.0,100.0
A_server_site_s3,site_s3,287,0.0,134,0.0,0.0,0.0,100.0
A_server_site_s3,site_s3,288,0.0,134,0.0,0.0,0.0,100.0
A_server_site_s3,site_s3,289,0.0,133,0.0,0.0,0.0,100.0
A_server_site_s3,site_s3,290,0.0,132,0.1244,0.0,0.0,100.0
A_server_site_s3,site_s3,291,0.0,134,0.0,0.0,0.0,100.0
A_server_site_s3,site_s3,292,0.0,134,0.0,0.0,0.0,100.0
A_server_site_s3,site_s3,293,0.0,133,0.0,0.0,0.0,100.0
A_server_site_s3,site_s3,294,0.0,132,0.0,0.0,0.0,100.0
A_server_site_s3,site_s3,295,0.7463,134,0.4994,0.0,0.0,100.0
A_server_site_s3,site_s3,296,0.0,134,0.0,0.0,0.0,100.0
A_server_site_s3,site_s3,297,0.0,134,0.0,0.0,0.0,100.0
A_server_site_s3,site_s3,298,0.0,133,0.0,0.0,0.0,100.0
A_server_site_s3,site_s3,299,0.0,132,0.0,0.0,0.0,100.0
A_server_site_s3,site_s3,300,0.0,135,0.0,0.0,0.0,100.0
A_server_site_s3,site_s3,301,0.0,133,0.0,0.0,0.0,100.0
A_server_site_s3,site_s3,302,0.0,134,0.0,0.0,0.0,100.0
A_server_site_s3,site_s3,303,0.0,131,0.0,0.0,0.0,100.0
A_server_site_s3,site_s3,304,0.0,134,0.0,0.0,0.0,100.0
A_server_site_s3,site_s3,305,0.0,134,0.625,0.0,0.0,100.0
A_server_site_s3,site_s3,306,0.0,134,0.0,0.0,0.0,100.0
A_server_site_s3,site_s3,307,0.0,133,0.0,0.0,0.0,100.0
A_server_site_s3,site_s3,308,0.0,132,0.0,0.0,0.0,100.0
A_server_site_s3,site_s3,309,0.0,134,0.0,0.0,0.0,100.0
A_server_site_s3,site_s3,310,0.0,134,0.0,0.0,0.0,100.0
A_server_site_s3,site_s3,311,0.0,133,0.0,0.0,0.0,100.0
A_server_site_s3,site_s3,312,0.0,133,0.0,0.0,0.0,100.0
A_server_site_s3,site_s3,313,0.0,133,0.0,0.0,0.0,100.0
A_server_site_s3,site_s3,314,0.0,134,0.0,0.0,0.0,100.0
A_server_site_s3,site_s3,315,1.4925,134,1.25,0.0,0.0,100.0
A_server_site_s3,site_s3,316,0.0,133,0.0,0.0,0.0,100.0
A_server_site_s3,site_s3,317,0.0,132,0.0,0.0,0.0,100.0
A_server_site_s3,site_s3,318,0.0,135,0.0,0.0,0.0,100.0
A_server_site_s3,site_s3,319,0.0,133,0.0,0.0,0.0,100.0
A_server_site_s3,site_s3,320,0.0,134,0.0,0.0,0.0,100.0
A_server_site_s3,site_s3,321,0.0,131,0.0,0.0,0.0,100.0
A_server_site_s3,site_s3,322,0.0,134,0.0,0.0,0.0,100.0
A_server_site_s3,site_s3,323,0.0,134,0.0,0.0,0.0,100.0
A_server_site_s3,site_s3,324,1.4925,134,1.0,0.0,0.0,100.0
A_server_site_s3,site_s3,325,0.0,133,0.0,0.0,0.0,100.0
A_server_site_s3,site_s3,326,0.0,132,0.0,0.0,0.0,100.0
A_server_site_s3,site_s3,327,0.0,134,0.0,0.0,0.0,100.0
A_server_site_s3,site_s3,328,0.0,134,0.0,0.0,0.0,100.0
A_server_site_s3,site_s3,329,0.0,133,0.0,0.0,0.0,100.0
A_server_site_s3,site_s3,330,0.0,133,0.0,0.0,0.0,100.0
A_server_site_s3,site_s3,331,0.0,133,0.0,0.0,0.0,100.0
A_server_site_s3,site_s3,332,0.0,134,0.0,0.0,0.0,100.0
A_server_site_s3,site_s3,333,1.4925,134,1.7544,0.0,0.0,100.0
A_server_site_s3,site_s3,334,0.0,133,0.0,0.0,0.0,100.0
A_server_site_s3,site_s3,335,0.0,132,0.0,0.0,0.0,100.0
A_server_site_s3,site_s3,336,0.0,135,0.0,0.0,0.0,100.0
A_server_site_s3,site_s3,337,0.0,133,0.0,0.0,0.0,100.0
A_server_site_s3,site_s3,338,0.0,134,0.0,0.0,0.0,100.0
A_server_site_s3,site_s3,339,0.0,131,0.0,0.0,0.0,100.0
A_server_site_s3,site_s3,340,0.0,134,0.0,0.0,0.0,100.0
A_server_site_s3,site_s3,341,0.0,134,0.0,0.0,0.0,100.0
A_server_site_s3,site_s3,342,0.0,134,0.0,0.0,0.0,100.0
A_server_site_s3,site_s3,343,0.0,133,0.0,0.0,0.0,100.0
A_server_site_s3,site_s3,344,0.0,132,0.0,0.0,0.0,100.0
A_server_site_s3,site_s3,345,0.0,134,0.0,0.0,0.0,100.0
A_server_site_s3,site_s3,346,0.0,134,0.0,0.0,0.0,100.0
A_server_site_s3,site_s3,347,0.0,133,0.0,0.0,0.0,100.0
A_server_site_s3,site_s3,348,0.0,133,0.0,0.0,0.0,100.0
A_server_site_s3,site_s3,349,0.0,133,0.0,0.0,0.0,100.0
A_server_site_s3,site_s3,350,0.0,134,0.0,0.0,0.0,100.0
A_server_site_s3,site_s3,351,0.0,134,0.0,0.0,0.0,100.0
A_server_site_s3,site_s3,352,0.0,133,0.0,0.0,0.0,100.0
A_server_site_s3,site_s3,353,0.0,132,0.0,0.0,0.0,100.0
A_server_site_s3,site_s3,354,0.0,135,0.0,0.0,0.0,100.0
A_server_site_s3,site_s3,355,0.0,133,0.1248,0.0,0.0,100.0
A_server_site_s3,site_s3,356,0.0,133,0.0,0.0,0.0,100.0
A_server_site_s3,site_s3,357,0.0,132,0.0,0.0,0.0,100.0
A_server_site_s3,site_s3,358,0.0,134,0.0,0.0,0.0,100.0
A_server_bl_rr,bl_rr,-1,,0,0.0,0.0,66.6667,33.3333
A_server_bl_rr,bl_rr,0,0.0,134,0.1255,33.3752,33.1242,33.5006
A_server_bl_rr,bl_rr,1,0.0,134,0.0,33.3333,33.4582,33.2085
A_server_bl_rr,bl_rr,2,0.0,132,0.0,33.3333,33.3333,33.3333
A_server_bl_rr,bl_rr,3,0.0,135,0.0,33.4165,33.2918,33.2918
A_server_bl_rr,bl_rr,4,0.0,133,0.0,33.3752,33.3752,33.2497
A_server_bl_rr,bl_rr,5,0.0,132,0.0,33.2085,33.3333,33.4582
A_server_bl_rr,bl_rr,6,6.015,133,2.8786,33.4168,33.2916,33.2916
A_server_bl_rr,bl_rr,7,0.0,133,0.0,33.2916,33.4168,33.2916
A_server_bl_rr,bl_rr,8,0.0,134,0.0,33.2503,33.3748,33.3748
A_server_bl_rr,bl_rr,9,0.0,134,0.0,33.3752,33.1242,33.5006
A_server_bl_rr,bl_rr,10,0.0,134,0.0,33.25,33.5,33.25
A_server_bl_rr,bl_rr,11,0.0,131,0.0,33.4582,33.2085,33.3333
A_server_bl_rr,bl_rr,12,0.0,135,0.0,33.2918,33.4165,33.2918
A_server_bl_rr,bl_rr,13,0.0,134,0.0,33.4586,33.3333,33.208
A_server_bl_rr,bl_rr,14,0.0,132,0.0,33.2085,33.3333,33.4582
A_server_bl_rr,bl_rr,15,0.7519,133,0.2506,33.4586,33.208,33.3333
A_server_bl_rr,bl_rr,16,4.4776,134,1.7478,33.3333,33.4582,33.2085
A_server_bl_rr,bl_rr,17,0.0,133,0.0,33.1671,33.4165,33.4165
A_server_bl_rr,bl_rr,18,0.7463,134,0.1252,33.5419,33.0413,33.4168
A_server_bl_rr,bl_rr,19,0.0,134,0.0,33.0827,33.584,33.3333
A_server_bl_rr,bl_rr,20,0.0,132,0.0,33.4165,33.2918,33.2918
A_server_bl_rr,bl_rr,21,0.0,135,0.0,33.4165,33.2918,33.2918
A_server_bl_rr,bl_rr,22,0.0,133,0.0,33.3752,33.3752,33.2497
A_server_bl_rr,bl_rr,23,0.0,132,0.0,33.2085,33.3333,33.4582
A_server_bl_rr,bl_rr,24,0.0,132,0.0,33.5006,33.2497,33.2497
A_server_bl_rr,bl_rr,25,0.0,135,0.0,33.2918,33.4165,33.2918
A_server_bl_rr,bl_rr,26,5.2632,133,3.3666,33.1671,33.4165,33.4165
A_server_bl_rr,bl_rr,27,0.0,134,0.0,33.4586,33.0827,33.4586
A_server_bl_rr,bl_rr,28,0.0,134,0.0,33.1665,33.5419,33.2916
A_server_bl_rr,bl_rr,29,0.0,132,0.0,33.4165,33.2918,33.2918
A_server_bl_rr,bl_rr,30,0.0,135,0.0,33.4165,33.2918,33.2918
A_server_bl_rr,bl_rr,31,0.0,133,0.0,33.3752,33.3752,33.2497
A_server_bl_rr,bl_rr,32,0.0,132,0.0,33.25,33.25,33.5
A_server_bl_rr,bl_rr,33,0.0,133,0.0,33.375,33.375,33.25
A_server_bl_rr,bl_rr,34,0.0,133,0.0,33.2916,33.4168,33.2916
A_server_bl_rr,bl_rr,35,0.0,134,0.0,33.2503,33.3748,33.3748
A_server_bl_rr,bl_rr,36,2.9851,134,2.1303,33.4586,33.0827,33.4586
A_server_bl_rr,bl_rr,37,0.0,134,0.0,33.25,33.5,33.25
A_server_bl_rr,bl_rr,38,0.0,132,0.0,33.3333,33.3333,33.3333
A_server_bl_rr,bl_rr,39,0.0,135,0.0,33.4165,33.2918,33.2918
A_server_bl_rr,bl_rr,40,0.0,133,0.0,33.3752,33.3752,33.2497
A_server_bl_rr,bl_rr,41,0.0,132,0.0,33.2085,33.3333,33.4582
A_server_bl_rr,bl_rr,42,0.0,133,0.0,33.4168,33.2916,33.2916
A_server_bl_rr,bl_rr,43,0.0,133,0.0,33.2916,33.4168,33.2916
A_server_bl_rr,bl_rr,44,0.0,134,0.0,33.2918,33.2918,33.4165
A_server_bl_rr,bl_rr,45,0.0,134,0.0,33.4168,33.1665,33.4168
A_server_bl_rr,bl_rr,46,4.4776,134,3.8798,33.1665,33.5419,33.2916
A_server_bl_rr,bl_rr,47,0.0,132,0.0,33.4582,33.2085,33.3333
A_server_bl_rr,bl_rr,48,0.0,135,0.0,33.3748,33.3748,33.2503
A_server_bl_rr,bl_rr,49,0.0,133,0.0,33.3752,33.3752,33.2497
A_server_bl_rr,bl_rr,50,0.0,132,0.0,33.25,33.25,33.5
A_server_bl_rr,bl_rr,51,0.0,132,0.0,33.4168,33.4168,33.1665
A_server_bl_rr,bl_rr,52,0.0,135,0.0,33.3333,33.3333,33.3333
A_server_bl_rr,bl_rr,53,0.0,133,0.0,33.1671,33.4165,33.4165
A_server_bl_rr,bl_rr,54,0.0,134,0.0,33.5419,33.0413,33.4168
A_server_bl_rr,bl_rr,55,0.0,134,0.0,33.0827,33.584,33.3333
A_server_bl_rr,bl_rr,56,2.2727,132,1.1222,33.4165,33.2918,33.2918
A_server_bl_rr,bl_rr,57,0.0,135,0.0,33.4165,33.2918,33.2918
A_server_bl_rr,bl_rr,58,0.0,133,0.0,33.4171,33.2915,33.2915
A_server_bl_rr,bl_rr,59,0.0,132,0.0,33.1671,33.4165,33.4165
A_server_bl_rr,bl_rr,60,0.0,133,0.0,33.4586,33.208,33.3333
A_server_bl_rr,bl_rr,61,0.0,133,0.0,33.25,33.5,33.25
A_server_bl_rr,bl_rr,62,0.0,134,0.0,33.2503,33.3748,33.3748
A_server_bl_rr,bl_rr,63,0.0,134,0.0,33.5419,33.0413,33.4168
A_server_bl_rr,bl_rr,64,0.0,134,0.0,33.0827,33.584,33.3333
A_server_bl_rr,bl_rr,65,0.0,132,0.0,33.4165,33.2918,33.2918
A_server_bl_rr,bl_rr,66,4.4444,135,2.9925,33.4165,33.2918,33.2918
A_server_bl_rr,bl_rr,67,0.0,133,0.0,33.3752,33.3752,33.2497
A_server_bl_rr,bl_rr,68,0.0,132,0.0,33.2085,33.3333,33.4582
A_server_bl_rr,bl_rr,69,0.0,133,0.0,33.4168,33.2916,33.2916
A_server_bl_rr,bl_rr,70,0.0,133,0.0,33.2916,33.4168,33.2916
A_server_bl_rr,bl_rr,71,0.0,134,0.0,33.2918,33.2918,33.4165
A_server_bl_rr,bl_rr,72,0.0,134,0.0,33.5,33.125,33.375
A_server_bl_rr,bl_rr,73,0.0,134,0.0,33.0827,33.584,33.3333
A_server_bl_rr,bl_rr,74,0.0,132,0.0,33.4165,33.2918,33.2918
A_server_bl_rr,bl_rr,75,0.0,135,0.0,33.4165,33.2918,33.2918
A_server_bl_rr,bl_rr,76,7.5188,133,4.5226,33.4171,33.2915,33.2915
A_server_bl_rr,bl_rr,77,0.0,132,0.0,33.1671,33.4165,33.4165
A_server_bl_rr,bl_rr,78,0.0,133,0.0,33.4168,33.2916,33.2916
A_server_bl_rr,bl_rr,79,0.0,133,0.0,33.2916,33.4168,33.2916
A_server_bl_rr,bl_rr,80,0.0,134,0.0,33.2503,33.3748,33.3748
A_server_bl_rr,bl_rr,81,0.0,134,0.0,33.5419,33.0413,33.4168
A_server_bl_rr,bl_rr,82,0.0,134,0.1252,33.1665,33.5419,33.2916
A_server_bl_rr,bl_rr,83,0.0,132,0.0,33.375,33.25,33.375
A_server_bl_rr,bl_rr,84,0.0,135,0.1245,33.3748,33.3748,33.2503
A_server_bl_rr,bl_rr,85,0.0,133,0.0,33.3752,33.3752,33.2497
A_server_bl_rr,bl_rr,86,17.5573,131,8.9308,32.8302,33.5849,33.5849
A_server_bl_rr,bl_rr,87,0.0,134,0.3731,33.8308,32.9602,33.209
A_server_bl_rr,bl_rr,88,0.0,134,0.0,33.3333,33.4582,33.2085
A_server_bl_rr,bl_rr,89,0.0,133,0.0,33.1671,33.4165,33.4165
A_server_bl_rr,bl_rr,90,0.0,134,0.0,33.5419,33.0413,33.4168
A_server_bl_rr,bl_rr,91,0.0,134,0.0,33.0827,33.584,33.3333
A_server_bl_rr,bl_rr,92,0.0,132,0.0,33.4165,33.2918,33.2918
A_server_bl_rr,bl_rr,93,0.0,135,0.0,33.4165,33.2918,33.2918
A_server_bl_rr,bl_rr,94,0.0,133,0.0,33.3752,33.3752,33.2497
A_server_bl_rr,bl_rr,95,0.0,132,0.0,33.0413,33.4168,33.5419
A_server_bl_rr,bl_rr,96,3.7594,133,2.372,33.583,33.2085,33.2085
A_server_bl_rr,bl_rr,97,0.0,133,0.0,33.2916,33.4168,33.2916
A_server_bl_rr,bl_rr,98,0.0,134,0.0,33.2918,33.2918,33.4165
A_server_bl_rr,bl_rr,99,0.0,134,0.0,33.5,33.125,33.375
A_server_bl_rr,bl_rr,100,0.0,134,0.0,33.0827,33.584,33.3333
A_server_bl_rr,bl_rr,101,0.0,132,0.0,33.4165,33.2918,33.2918
A_server_bl_rr,bl_rr,102,0.0,135,0.0,33.4165,33.2918,33.2918
A_server_bl_rr,bl_rr,103,0.0,133,0.0,33.3752,33.3752,33.2497
A_server_bl_rr,bl_rr,104,0.0,132,0.0,33.2085,33.3333,33.4582
A_server_bl_rr,bl_rr,105,0.0,133,0.0,33.4168,33.2916,33.2916
A_server_bl_rr,bl_rr,106,2.2556,133,0.8761,33.2916,33.4168,33.2916
A_server_bl_rr,bl_rr,107,0.0,134,0.0,33.2918,33.2918,33.4165
A_server_bl_rr,bl_rr,108,0.0,134,0.0,33.3333,33.208,33.4586
A_server_bl_rr,bl_rr,109,0.0,134,0.0,33.25,33.5,33.25
A_server_bl_rr,bl_rr,110,0.0,132,0.0,33.4165,33.2918,33.2918
A_server_bl_rr,bl_rr,111,0.0,135,0.0,33.4165,33.2918,33.2918
A_server_bl_rr,bl_rr,112,0.0,133,0.0,33.3752,33.3752,33.2497
A_server_bl_rr,bl_rr,113,0.0,132,0.0,33.2085,33.3333,33.4582
A_server_bl_rr,bl_rr,114,0.7519,133,0.1252,33.4168,33.2916,33.2916
A_server_bl_rr,bl_rr,115,0.0,133,0.2503,33.2916,33.4168,33.2916
A_server_bl_rr,bl_rr,116,8.209,134,5.4795,33.2503,33.3748,33.3748
A_server_bl_rr,bl_rr,117,0.7463,134,0.1252,33.5419,33.0413,33.4168
A_server_bl_rr,bl_rr,118,0.0,134,0.0,33.0827,33.584,33.3333
A_server_bl_rr,bl_rr,119,0.0,132,0.0,33.4165,33.2918,33.2918
A_server_bl_rr,bl_rr,120,0.0,134,0.0,33.4582,33.3333,33.2085
A_server_bl_rr,bl_rr,121,0.0,134,0.0,33.3333,33.3333,33.3333
A_server_bl_rr,bl_rr,122,0.0,132,0.0,33.2085,33.3333,33.4582
A_server_bl_rr,bl_rr,123,1.5152,132,0.2509,33.5006,33.2497,33.2497
A_server_bl_rr,bl_rr,124,0.0,134,0.0,33.125,33.5,33.375
A_server_bl_rr,bl_rr,125,0.0,134,0.0,33.3333,33.3333,33.3333
A_server_bl_rr,bl_rr,126,4.4776,134,2.7534,33.5419,33.0413,33.4168
A_server_bl_rr,bl_rr,127,0.0,134,0.1252,33.1665,33.5419,33.2916
A_server_bl_rr,bl_rr,128,0.0,132,0.0,33.375,33.25,33.375
A_server_bl_rr,bl_rr,129,0.0,135,0.0,33.3748,33.3748,33.2503
A_server_bl_rr,bl_rr,130,0.0,133,0.0,33.3752,33.3752,33.2497
A_server_bl_rr,bl_rr,131,0.0,132,0.0,33.125,33.375,33.5
A_server_bl_rr,bl_rr,132,0.0,132,0.0,33.584,33.208,33.208
A_server_bl_rr,bl_rr,133,0.0,134,0.0,33.2085,33.4582,33.3333
A_server_bl_rr,bl_rr,134,0.0,134,0.0,33.2503,33.3748,33.3748
A_server_bl_rr,bl_rr,135,0.0,134,0.0,33.5419,33.0413,33.4168
A_server_bl_rr,bl_rr,136,8.209,134,5.2632,33.0827,33.584,33.3333
A_server_bl_rr,bl_rr,137,0.0,132,0.0,33.4165,33.2918,33.2918
A_server_bl_rr,bl_rr,138,0.0,135,0.0,33.4165,33.2918,33.2918
A_server_bl_rr,bl_rr,139,0.0,133,0.0,33.3752,33.3752,33.2497
A_server_bl_rr,bl_rr,140,0.7576,132,0.2497,33.2085,33.3333,33.4582
A_server_bl_rr,bl_rr,141,0.0,132,0.0,33.4586,33.3333,33.208
A_server_bl_rr,bl_rr,142,0.0,134,0.0,33.25,33.375,33.375
A_server_bl_rr,bl_rr,143,0.0,134,0.0,33.2503,33.3748,33.3748
A_server_bl_rr,bl_rr,144,0.0,134,0.0,33.5419,33.0413,33.4168
A_server_bl_rr,bl_rr,145,0.0,134,0.0,33.0827,33.584,33.3333
A_server_bl_rr,bl_rr,146,6.0606,132,2.4969,33.3333,33.3333,33.3333
A_server_bl_rr,bl_rr,147,0.0,134,0.0,33.583,33.3333,33.0836
A_server_bl_rr,bl_rr,148,0.0,134,0.0,33.3752,33.1242,33.5006
A_server_bl_rr,bl_rr,149,0.0,132,0.0,33.1258,33.4994,33.3748
A_server_bl_rr,bl_rr,150,0.0,132,0.0,33.5006,33.2497,33.2497
A_server_bl_rr,bl_rr,151,0.0,134,0.0,33.2085,33.4582,33.3333
A_server_bl_rr,bl_rr,152,0.0,134,0.0,33.2918,33.2918,33.4165
A_server_bl_rr,bl_rr,153,0.0,134,0.0,33.5,33.125,33.375
A_server_bl_rr,bl_rr,154,0.0,134,0.0,33.0827,33.584,33.3333
A_server_bl_rr,bl_rr,155,0.0,132,0.0,33.4165,33.2918,33.2918
A_server_bl_rr,bl_rr,156,4.5113,133,3.2541,33.4168,33.4168,33.1665
A_server_bl_rr,bl_rr,157,0.0,135,0.0,33.375,33.25,33.375
A_server_bl_rr,bl_rr,158,0.0,132,0.0,33.2085,33.3333,33.4582
A_server_bl_rr,bl_rr,159,0.7576,132,0.1253,33.4586,33.3333,33.208
A_server_bl_rr,bl_rr,160,0.0,134,0.0,33.25,33.375,33.375
A_server_bl_rr,bl_rr,161,0.0,134,0.0,33.2503,33.3748,33.3748
A_server_bl_rr,bl_rr,162,0.0,134,0.0,33.5419,33.0413,33.4168
A_server_bl_rr,bl_rr,163,0.0,134,0.0,33.0827,33.584,33.3333
A_server_bl_rr,bl_rr,164,0.0,132,0.0,33.4165,33.2918,33.2918
A_server_bl_rr,bl_rr,165,0.0,134,0.0,33.4582,33.3333,33.2085
A_server_bl_rr,bl_rr,166,18.0451,133,10.8176,33.2075,33.4591,33.3333
A_server_bl_rr,bl_rr,167,0.0,133,0.1244,33.3333,33.209,33.4577
A_server_bl_rr,bl_rr,168,0.7576,132,0.2506,33.4586,33.3333,33.208
A_server_bl_rr,bl_rr,169,0.0,134,0.0,33.25,33.375,33.375
A_server_bl_rr,bl_rr,170,0.0,134,0.0,33.2918,33.2918,33.4165
A_server_bl_rr,bl_rr,171,0.0,134,0.0,33.5,33.125,33.375
A_server_bl_rr,bl_rr,172,0.0,134,0.0,33.0827,33.584,33.3333
A_server_bl_rr,bl_rr,173,0.0,132,0.0,33.4165,33.2918,33.2918
A_server_bl_rr,bl_rr,174,0.0,134,0.0,33.4582,33.3333,33.2085
A_server_bl_rr,bl_rr,175,0.7463,134,0.1253,33.3333,33.3333,33.3333
A_server_bl_rr,bl_rr,176,2.2727,132,2.6217,33.2085,33.3333,33.4582
A_server_bl_rr,bl_rr,177,0.0,132,0.0,33.4586,33.3333,33.208
A_server_bl_rr,bl_rr,178,0.0,135,0.0,33.3333,33.3333,33.3333
A_server_bl_rr,bl_rr,179,0.7519,133,0.1247,33.1671,33.4165,33.4165
A_server_bl_rr,bl_rr,180,0.0,134,0.0,33.5419,33.0413,33.4168
A_server_bl_rr,bl_rr,181,0.0,135,0.0,33.25,33.5,33.25
A_server_bl_rr,bl_rr,182,0.0,131,0.0,33.25,33.375,33.375
A_server_bl_rr,bl_rr,183,0.0,135,0.0,33.4165,33.2918,33.2918
A_server_bl_rr,bl_rr,184,0.0,133,0.0,33.3752,33.3752,33.2497
A_server_bl_rr,bl_rr,185,0.0,132,0.0,33.2085,33.3333,33.4582
A_server_bl_rr,bl_rr,186,6.015,133,7.3935,33.4586,33.208,33.3333
A_server_bl_rr,bl_rr,187,0.0,133,0.0,33.25,33.5,33.25
A_server_bl_rr,bl_rr,188,0.0,134,0.0,33.2503,33.3748,33.3748
A_server_bl_rr,bl_rr,189,0.0,134,0.0,33.5419,33.0413,33.4168
A_server_bl_rr,bl_rr,190,0.0,133,0.0,33.1242,33.6261,33.2497
A_server_bl_rr,bl_rr,191,0.0,133,0.0,33.3748,33.2503,33.3748
A_server_bl_rr,bl_rr,192,0.0,135,0.0,33.4165,33.2918,33.2918
A_server_bl_rr,bl_rr,193,0.0,133,0.0,33.4171,33.2915,33.2915
A_server_bl_rr,bl_rr,194,0.0,132,0.0,33.1671,33.4165,33.4165
A_server_bl_rr,bl_rr,195,0.0,132,0.2506,33.4586,33.3333,33.208
A_server_bl_rr,bl_rr,196,5.1852,135,4.4944,33.3333,33.3333,33.3333
A_server_bl_rr,bl_rr,197,0.0,133,0.0,33.1671,33.4165,33.4165
A_server_bl_rr,bl_rr,198,0.0,134,0.0,33.584,33.0827,33.3333
A_server_bl_rr,bl_rr,199,0.0,134,0.0,33.0413,33.5419,33.4168
A_server_bl_rr,bl_rr,200,0.7576,132,0.1247,33.4165,33.2918,33.2918
A_server_bl_rr,bl_rr,201,0.0,134,0.0,33.4582,33.3333,33.2085
A_server_bl_rr,bl_rr,202,0.0,134,0.0,33.3752,33.2497,33.3752
A_server_bl_rr,bl_rr,203,0.0,132,0.0,33.1671,33.4165,33.4165
A_server_bl_rr,bl_rr,204,0.7576,132,0.1253,33.4586,33.3333,33.208
A_server_bl_rr,bl_rr,205,1.4925,134,0.875,33.25,33.375,33.375
A_server_bl_rr,bl_rr,206,0.0,134,0.0,33.2503,33.3748,33.3748
A_server_bl_rr,bl_rr,207,0.0,134,0.0,33.4586,33.0827,33.4586
A_server_bl_rr,bl_rr,208,0.0,134,0.0,33.1665,33.5419,33.2916
A_server_bl_rr,bl_rr,209,0.0,132,0.0,33.4165,33.2918,33.2918
A_server_bl_rr,bl_rr,210,0.0,134,0.0,33.4582,33.3333,33.2085
A_server_bl_rr,bl_rr,211,0.0,134,0.0,33.3333,33.3333,33.3333
A_server_bl_rr,bl_rr,212,0.7576,132,0.1248,33.2085,33.3333,33.4582
A_server_bl_rr,bl_rr,213,0.0,132,0.0,33.4586,33.3333,33.208
A_server_bl_rr,bl_rr,214,0.0,134,0.125,33.375,33.375,33.25
A_server_bl_rr,bl_rr,215,0.0,134,0.0,33.1258,33.3748,33.4994
A_server_bl_rr,bl_rr,216,2.2388,134,2.0025,33.5419,33.0413,33.4168
A_server_bl_rr,bl_rr,217,0.0,134,0.1252,33.1665,33.5419,33.2916
A_server_bl_rr,bl_rr,218,0.0,132,0.0,33.1665,33.4168,33.4168
A_server_bl_rr,bl_rr,219,0.0,134,0.0,33.6658,33.2918,33.0424
A_server_bl_rr,bl_rr,220,0.0,134,0.0,33.2916,33.2916,33.4168
A_server_bl_rr,bl_rr,221,0.0,132,0.0,33.2085,33.3333,33.4582
A_server_bl_rr,bl_rr,222,0.0,133,0.0,33.4168,33.2916,33.2916
A_server_bl_rr,bl_rr,223,0.0,133,0.0,33.208,33.4586,33.3333
A_server_bl_rr,bl_rr,224,0.0,134,0.0,33.3333,33.3333,33.3333
A_server_bl_rr,bl_rr,225,0.0,134,0.0,33.5419,33.0413,33.4168
A_server_bl_rr,bl_rr,226,0.0,134,0.5013,33.0827,33.584,33.3333
A_server_bl_rr,bl_rr,227,0.0,132,0.0,33.4165,33.2918,33.2918
A_server_bl_rr,bl_rr,228,0.0,134,0.0,33.4582,33.3333,33.2085
A_server_bl_rr,bl_rr,229,0.0,134,0.0,33.3333,33.3333,33.3333
A_server_bl_rr,bl_rr,230,0.0,132,0.0,33.25,33.375,33.375
A_server_bl_rr,bl_rr,231,0.0,132,0.0,33.4168,33.2916,33.2916
A_server_bl_rr,bl_rr,232,0.0,134,0.0,33.25,33.375,33.375
A_server_bl_rr,bl_rr,233,0.0,134,0.0,33.2918,33.2918,33.4165
A_server_bl_rr,bl_rr,234,0.0,134,0.0,33.5,33.125,33.375
A_server_bl_rr,bl_rr,235,0.0,134,0.0,33.1665,33.5419,33.2916
A_server_bl_rr,bl_rr,236,0.7576,132,0.3745,33.3333,33.3333,33.3333
A_server_bl_rr,bl_rr,237,0.7463,134,0.1248,33.4582,33.3333,33.2085
A_server_bl_rr,bl_rr,238,0.0,134,0.0,33.3333,33.3333,33.3333
A_server_bl_rr,bl_rr,239,0.0,132,0.0,33.2085,33.3333,33.4582
A_server_bl_rr,bl_rr,240,0.7576,132,0.2506,33.4586,33.3333,33.208
A_server_bl_rr,bl_rr,241,0.0,134,0.0,33.25,33.375,33.375
A_server_bl_rr,bl_rr,242,0.0,134,0.0,33.2503,33.3748,33.3748
A_server_bl_rr,bl_rr,243,0.0,134,0.0,33.4586,33.0827,33.4586
A_server_bl_rr,bl_rr,244,0.0,134,0.2503,33.1665,33.5419,33.2916
A_server_bl_rr,bl_rr,245,0.0,132,0.0,33.4165,33.2918,33.2918
A_server_bl_rr,bl_rr,246,2.9851,134,0.9988,33.4582,33.3333,33.2085
A_server_bl_rr,bl_rr,247,0.0,134,0.0,33.4171,33.1658,33.4171
A_server_bl_rr,bl_rr,248,0.0,132,0.0,33.1258,33.4994,33.3748
A_server_bl_rr,bl_rr,249,0.0,133,0.0,33.4168,33.2916,33.2916
A_server_bl_rr,bl_rr,250,0.0,134,0.0,33.375,33.375,33.25
A_server_bl_rr,bl_rr,251,0.0,133,0.0,33.1671,33.4165,33.4165
A_server_bl_rr,bl_rr,252,0.0,134,0.0,33.4586,33.0827,33.4586
A_server_bl_rr,bl_rr,253,0.0,134,0.0,33.1665,33.5419,33.2916
A_server_bl_rr,bl_rr,254,0.0,132,0.0,33.4165,33.2918,33.2918
A_server_bl_rr,bl_rr,255,0.0,135,0.0,33.4165,33.2918,33.2918
A_server_bl_rr,bl_rr,256,3.7594,133,1.6311,33.3752,33.3752,33.2497
A_server_bl_rr,bl_rr,257,0.0,132,0.0,33.2085,33.3333,33.4582
A_server_bl_rr,bl_rr,258,0.0,132,0.0,33.5006,33.2497,33.2497
A_server_bl_rr,bl_rr,259,0.0,135,0.0,33.2918,33.4165,33.2918
A_server_bl_rr,bl_rr,260,0.0,133,0.0,33.1671,33.4165,33.4165
A_server_bl_rr,bl_rr,261,0.0,134,0.0,33.5419,33.0413,33.4168
A_server_bl_rr,bl_rr,262,0.0,134,0.0,33.1665,33.5419,33.2916
A_server_bl_rr,bl_rr,263,0.0,132,0.0,33.375,33.25,33.375
A_server_bl_rr,bl_rr,264,0.0,135,0.0,33.3748,33.3748,33.2503
A_server_bl_rr,bl_rr,265,0.7519,133,0.1255,33.3752,33.3752,33.2497
A_server_bl_rr,bl_rr,266,3.0303,132,1.3733,33.2085,33.3333,33.4582
A_server_bl_rr,bl_rr,267,0.0,133,0.0,33.4586,33.208,33.3333
A_server_bl_rr,bl_rr,268,0.0,133,0.0,33.25,33.5,33.25
A_server_bl_rr,bl_rr,269,0.0,134,0.0,33.2918,33.2918,33.4165
A_server_bl_rr,bl_rr,270,0.7463,134,0.125,33.5,33.125,33.375
A_server_bl_rr,bl_rr,271,0.0,134,0.0,33.0827,33.584,33.3333
A_server_bl_rr,bl_rr,272,0.0,132,0.0,33.4165,33.2918,33.2918
A_server_bl_rr,bl_rr,273,0.0,135,0.0,33.4165,33.2918,33.2918
A_server_bl_rr,bl_rr,274,0.0,133,0.0,33.3752,33.3752,33.2497
A_server_bl_rr,bl_rr,275,0.0,132,0.0,33.2085,33.3333,33.4582
A_server_bl_rr,bl_rr,276,6.7669,133,3.0075,33.4586,33.208,33.3333
A_server_bl_rr,bl_rr,277,0.0,133,0.0,33.25,33.5,33.25
A_server_bl_rr,bl_rr,278,0.0,134,0.0,33.3333,33.2085,33.4582
A_server_bl_rr,bl_rr,279,0.0,134,0.0,33.4582,33.2085,33.3333
A_server_bl_rr,bl_rr,280,0.0,134,0.0,33.1665,33.5419,33.2916
A_server_bl_rr,bl_rr,281,0.0,132,0.0,33.3333,33.3333,33.3333
A_server_bl_rr,bl_rr,282,0.0,135,0.0,33.4165,33.2918,33.2918
A_server_bl_rr,bl_rr,283,0.0,133,0.0,33.3752,33.3752,33.2497
A_server_bl_rr,bl_rr,284,0.0,132,0.0,33.2085,33.3333,33.4582
A_server_bl_rr,bl_rr,285,0.0,133,0.0,33.4586,33.208,33.3333
A_server_bl_rr,bl_rr,286,0.7519,133,1.125,33.25,33.5,33.25
A_server_bl_rr,bl_rr,287,0.0,134,0.0,33.2918,33.2918,33.4165
A_server_bl_rr,bl_rr,288,0.0,134,0.0,33.5,33.125,33.375
A_server_bl_rr,bl_rr,289,0.0,134,0.0,33.1665,33.5419,33.2916
A_server_bl_rr,bl_rr,290,0.0,131,0.0,33.375,33.25,33.375
A_server_bl_rr,bl_rr,291,0.0,135,0.0,33.4165,33.4165,33.1671
A_server_bl_rr,bl_rr,292,0.0,134,0.0,33.3333,33.3333,33.3333
A_server_bl_rr,bl_rr,293,0.0,132,0.0,33.2085,33.3333,33.4582
A_server_bl_rr,bl_rr,294,0.0,133,0.0,33.4168,33.2916,33.2916
A_server_bl_rr,bl_rr,295,0.0,133,0.0,33.2916,33.4168,33.2916
A_server_bl_rr,bl_rr,296,4.4776,134,2.3691,33.2918,33.2918,33.4165
A_server_bl_rr,bl_rr,297,0.0,134,0.0,33.5,33.125,33.375
A_server_bl_rr,bl_rr,298,0.0,134,0.0,33.1665,33.5419,33.2916
A_server_bl_rr,bl_rr,299,0.0,132,0.0,33.3333,33.3333,33.3333
A_server_bl_rr,bl_rr,300,0.0,135,0.0,33.4165,33.2918,33.2918
A_server_bl_rr,bl_rr,301,0.0,133,0.0,33.4171,33.2915,33.2915
A_server_bl_rr,bl_rr,302,0.0,132,0.0,33.1671,33.4165,33.4165
A_server_bl_rr,bl_rr,303,0.0,132,0.0,33.4586,33.3333,33.208
A_server_bl_rr,bl_rr,304,0.0,134,0.0,33.25,33.375,33.375
A_server_bl_rr,bl_rr,305,0.0,134,0.0,33.2503,33.3748,33.3748
A_server_bl_rr,bl_rr,306,9.7744,133,3.6432,33.2915,33.1658,33.5427
A_server_bl_rr,bl_rr,307,0.0,135,0.0,33.3333,33.4582,33.2085
A_server_bl_rr,bl_rr,308,0.0,132,0.0,33.4582,33.2085,33.3333
A_server_bl_rr,bl_rr,309,0.0,135,0.0,33.3748,33.3748,33.2503
A_server_bl_rr,bl_rr,310,0.0,133,0.0,33.3752,33.3752,33.2497
A_server_bl_rr,bl_rr,311,0.0,132,0.0,33.2085,33.3333,33.4582
A_server_bl_rr,bl_rr,312,0.0,133,0.0,33.4168,33.2916,33.2916
A_server_bl_rr,bl_rr,313,0.0,134,0.0,33.375,33.375,33.25
A_server_bl_rr,bl_rr,314,0.7519,133,0.1247,33.1671,33.4165,33.4165
A_server_bl_rr,bl_rr,315,0.0,134,0.1255,33.3752,33.1242,33.5006
A_server_bl_rr,bl_rr,316,0.7463,134,1.8727,33.3333,33.4582,33.2085
A_server_bl_rr,bl_rr,317,0.0,132,0.0,33.3333,33.3333,33.3333
A_server_bl_rr,bl_rr,318,0.0,135,0.0,33.4165,33.2918,33.2918
A_server_bl_rr,bl_rr,319,0.0,133,0.0,33.3752,33.3752,33.2497
A_server_bl_rr,bl_rr,320,0.0,132,0.0,33.25,33.25,33.5
A_server_bl_rr,bl_rr,321,0.0,133,0.0,33.4168,33.2916,33.2916
A_server_bl_rr,bl_rr,322,0.0,134,0.0,33.3333,33.4582,33.2085
A_server_bl_rr,bl_rr,323,0.0,133,0.0,33.1671,33.4165,33.4165
A_server_bl_rr,bl_rr,324,0.0,134,0.0,33.5419,33.0413,33.4168
A_server_bl_rr,bl_rr,325,0.0,134,0.0,33.0827,33.584,33.3333
A_server_bl_rr,bl_rr,326,4.5455,132,1.375,33.25,33.375,33.375
A_server_bl_rr,bl_rr,327,0.0,135,0.0,33.5821,33.209,33.209
A_server_bl_rr,bl_rr,328,0.0,132,0.0,33.3333,33.3333,33.3333
A_server_bl_rr,bl_rr,329,0.0,133,0.0,33.2503,33.3748,33.3748
A_server_bl_rr,bl_rr,330,0.0,132,0.1255,33.5006,33.2497,33.2497
A_server_bl_rr,bl_rr,331,0.0,134,0.3745,33.2085,33.4582,33.3333
A_server_bl_rr,bl_rr,332,0.0,134,0.0,33.2503,33.3748,33.3748
A_server_bl_rr,bl_rr,333,0.0,134,0.0,33.4586,33.0827,33.4586
A_server_bl_rr,bl_rr,334,0.0,134,0.0,33.1665,33.5419,33.2916
A_server_bl_rr,bl_rr,335,0.0,132,0.0,33.4165,33.2918,33.2918
A_server_bl_rr,bl_rr,336,7.4074,135,4.3641,33.4165,33.2918,33.2918
A_server_bl_rr,bl_rr,337,0.0,132,0.0,33.2915,33.4171,33.2915
A_server_bl_rr,bl_rr,338,0.0,133,0.0,33.2918,33.2918,33.4165
A_server_bl_rr,bl_rr,339,0.0,133,0.0,33.4168,33.2916,33.2916
A_server_bl_rr,bl_rr,340,0.0,134,0.0,33.375,33.375,33.25
A_server_bl_rr,bl_rr,341,0.0,133,0.0,33.25,33.25,33.5
A_server_bl_rr,bl_rr,342,0.0,134,0.0,33.4582,33.2085,33.3333
A_server_bl_rr,bl_rr,343,0.0,134,0.0,33.0827,33.584,33.3333
A_server_bl_rr,bl_rr,344,0.0,132,0.0,33.4165,33.2918,33.2918
A_server_bl_rr,bl_rr,345,0.0,135,0.0,33.4165,33.2918,33.2918
A_server_bl_rr,bl_rr,346,5.2632,133,2.6349,33.3752,33.3752,33.2497
A_server_bl_rr,bl_rr,347,0.0,132,0.0,33.2085,33.3333,33.4582
A_server_bl_rr,bl_rr,348,0.0,132,0.0,33.4586,33.3333,33.208
A_server_bl_rr,bl_rr,349,0.0,135,0.0,33.3333,33.3333,33.3333
A_server_bl_rr,bl_rr,350,0.7519,133,0.1248,33.2085,33.3333,33.4582
A_server_bl_rr,bl_rr,351,0.0,134,0.0,33.5,33.125,33.375
A_server_bl_rr,bl_rr,352,0.0,134,0.0,33.0827,33.584,33.3333
A_server_bl_rr,bl_rr,353,0.0,132,0.0,33.4582,33.2085,33.3333
A_server_bl_rr,bl_rr,354,0.0,134,0.0,33.4165,33.4165,33.1671
A_server_bl_rr,bl_rr,355,0.0,134,0.0,33.3333,33.3333,33.3333
A_server_bl_rr,bl_rr,356,4.5455,132,2.1223,33.2085,33.3333,33.4582
A_server_bl_rr,bl_rr,357,0.0,133,0.0,33.4168,33.2916,33.2916
A_server_bl_rr,bl_rr,358,0.0,133,0.0,33.2916,33.4168,33.2916
A_server_bl_lr,bl_lr,0,0.7519,133,0.2509,41.7817,35.2572,22.9611
A_server_bl_lr,bl_lr,1,1.5152,132,0.7538,41.7085,35.6784,22.6131
A_server_bl_lr,bl_lr,2,0.0,133,0.1245,42.2167,35.99,21.7933
A_server_bl_lr,bl_lr,3,2.2222,135,0.5,39.375,36.625,24.0
A_server_bl_lr,bl_lr,4,3.7594,133,2.2444,39.9002,36.783,23.3167
A_server_bl_lr,bl_lr,5,3.7594,133,1.8773,39.174,37.5469,23.2791
A_server_bl_lr,bl_lr,6,4.5113,133,2.375,40.5,35.375,24.125
A_server_bl_lr,bl_lr,7,3.0075,133,1.6373,41.0579,36.1461,22.796
A_server_bl_lr,bl_lr,8,2.9851,134,1.118,40.7453,36.8944,22.3602
A_server_bl_lr,bl_lr,9,1.5038,133,0.7519,40.6015,36.3409,23.0576
A_server_bl_lr,bl_lr,10,0.0,133,0.3759,41.9799,36.7168,21.3033
A_server_bl_lr,bl_lr,11,0.0,134,0.4981,42.3412,36.3636,21.2951
A_server_bl_lr,bl_lr,12,4.4776,134,1.2438,38.5572,37.4378,24.005
A_server_bl_lr,bl_lr,13,4.5455,132,1.8868,39.7484,36.478,23.7736
A_server_bl_lr,bl_lr,14,2.2388,134,0.9988,39.5755,37.578,22.8464
A_server_bl_lr,bl_lr,15,3.0075,133,1.3733,42.3221,34.9563,22.7216
A_server_bl_lr,bl_lr,16,5.2239,134,1.6209,38.7781,37.5312,23.6908
A_server_bl_lr,bl_lr,17,4.5455,132,2.2727,37.8788,37.8788,24.2424
A_server_bl_lr,bl_lr,18,2.2222,135,1.487,37.9182,38.4139,23.6679
A_server_bl_lr,bl_lr,19,2.2727,132,0.6266,40.6015,36.8421,22.5564
A_server_bl_lr,bl_lr,20,2.9851,134,1.6189,41.345,35.99,22.665
A_server_bl_lr,bl_lr,21,2.2556,133,0.7557,40.3023,36.398,23.2997
A_server_bl_lr,bl_lr,22,5.1852,135,1.4925,36.8159,38.9303,24.2537
A_server_bl_lr,bl_lr,23,0.7576,132,0.5025,40.4523,37.6884,21.8593
A_server_bl_lr,bl_lr,24,2.2556,133,0.8706,42.0398,36.0697,21.8905
A_server_bl_lr,bl_lr,25,3.7594,133,2.5,39.0,37.875,23.125
A_server_bl_lr,bl_lr,26,1.4925,134,0.9975,40.1496,36.9077,22.9426
A_server_bl_lr,bl_lr,27,2.963,135,1.3767,38.1727,37.7972,24.03
A_server_bl_lr,bl_lr,28,1.5152,132,0.5006,40.1752,37.1715,22.6533
A_server_bl_lr,bl_lr,29,3.0303,132,0.7491,39.5755,37.578,22.8464
A_server_bl_lr,bl_lr,30,0.0,135,0.2503,42.0526,35.169,22.7785
A_server_bl_lr,bl_lr,31,1.5267,131,0.2513,41.206,36.1809,22.6131
A_server_bl_lr,bl_lr,32,0.7353,136,1.7435,39.477,38.3562,22.1669
A_server_bl_lr,bl_lr,33,3.0534,131,1.5019,38.6733,39.174,22.1527
A_server_bl_lr,bl_lr,34,4.4776,134,2.125,38.875,36.875,24.25
A_server_bl_lr,bl_lr,35,8.1481,135,3.8509,38.1366,37.6398,24.2236
A_server_bl_lr,bl_lr,36,2.2556,133,0.7528,38.394,37.5157,24.0903
A_server_bl_lr,bl_lr,37,1.5038,133,1.1321,40.0,37.3585,22.6415
A_server_bl_lr,bl_lr,38,4.5455,132,1.7348,39.4052,37.6704,22.9244
A_server_bl_lr,bl_lr,39,4.4118,136,1.625,39.875,37.125,23.0
A_server_bl_lr,bl_lr,40,4.5113,133,1.375,40.25,37.125,22.625
A_server_bl_lr,bl_lr,41,1.4925,134,0.8739,41.6979,36.0799,22.2222
A_server_bl_lr,bl_lr,42,5.3846,130,1.7654,38.5876,37.5788,23.8335
A_server_bl_lr,bl_lr,43,3.0075,133,1.487,40.6444,36.4312,22.9244
A_server_bl_lr,bl_lr,44,1.4925,134,0.2513,41.9598,35.4271,22.6131
A_server_bl_lr,bl_lr,45,7.4074,135,2.875,37.25,38.0,24.75
A_server_bl_lr,bl_lr,46,0.7519,133,0.75,41.125,36.375,22.5
A_server_bl_lr,bl_lr,47,4.5455,132,1.8703,39.4015,37.4065,23.192
A_server_bl_lr,bl_lr,48,1.4815,135,0.75,39.875,37.875,22.25
A_server_bl_lr,bl_lr,49,3.7594,133,0.7491,39.7004,37.9526,22.3471
A_server_bl_lr,bl_lr,50,4.5113,133,1.627,38.0476,38.7985,23.1539
A_server_bl_lr,bl_lr,51,5.2632,133,2.25,37.875,39.125,23.0
A_server_bl_lr,bl_lr,52,1.4925,134,0.2497,38.9513,37.578,23.4707
A_server_bl_lr,bl_lr,53,0.7519,133,0.5019,39.6487,36.01,24.3413
A_server_bl_lr,bl_lr,54,3.0075,133,1.0013,40.0501,37.6721,22.2778
A_server_bl_lr,bl_lr,55,6.1069,131,2.0101,39.0704,36.9347,23.995
A_server_bl_lr,bl_lr,56,2.9412,136,1.6069,42.1508,35.4759,22.3733
A_server_bl_lr,bl_lr,57,0.0,133,0.2513,38.6935,38.3166,22.9899
A_server_bl_lr,bl_lr,58,0.7519,133,0.3755,40.801,36.2954,22.9036
A_server_bl_lr,bl_lr,59,3.7313,134,1.7456,37.9052,38.7781,23.3167
A_server_bl_lr,bl_lr,60,1.4925,134,0.625,40.75,38.0,21.25
A_server_bl_lr,bl_lr,61,2.2727,132,0.9963,38.3562,37.7335,23.9103
A_server_bl_lr,bl_lr,62,5.9259,135,1.1292,40.4015,37.0138,22.5847
A_server_bl_lr,bl_lr,63,2.2556,133,1.4944,40.0996,36.4882,23.4122
A_server_bl_lr,bl_lr,64,3.0075,133,1.1278,40.7268,37.4687,21.8045
A_server_bl_lr,bl_lr,65,3.7879,132,2.381,36.4662,39.3484,24.1855
A_server_bl_lr,bl_lr,66,4.4776,134,2.2416,39.2279,37.858,22.9141
A_server_bl_lr,bl_lr,67,3.7313,134,1.7544,40.9774,36.7168,22.3058
A_server_bl_lr,bl_lr,68,3.7313,134,1.8703,38.404,38.5287,23.0673
A_server_bl_lr,bl_lr,69,3.0534,131,0.7528,41.4053,35.7591,22.8356
A_server_bl_lr,bl_lr,70,2.963,135,1.1194,40.9204,37.1891,21.8905
A_server_bl_lr,bl_lr,71,4.5455,132,1.3854,39.6725,37.4055,22.9219
A_server_bl_lr,bl_lr,72,1.4925,134,0.6211,39.2547,37.2671,23.4783
A_server_bl_lr,bl_lr,73,1.4925,134,0.7509,41.6771,35.6696,22.6533
A_server_bl_lr,bl_lr,74,1.5267,131,0.5031,40.6289,37.2327,22.1384
A_server_bl_lr,bl_lr,75,3.6496,137,1.6129,40.4467,36.1042,23.4491
A_server_bl_lr,bl_lr,76,3.0303,132,1.375,39.375,38.625,22.0
A_server_bl_lr,bl_lr,77,6.1069,131,2.0101,39.3216,37.3116,23.3668
A_server_bl_lr,bl_lr,78,2.9851,134,0.4988,40.399,37.2818,22.3192
A_server_bl_lr,bl_lr,79,0.7463,134,0.7463,42.5373,35.8209,21.6418
A_server_bl_lr,bl_lr,80,2.2388,134,0.8794,41.206,35.804,22.9899
A_server_bl_lr,bl_lr,81,1.4925,134,0.4981,40.0996,36.9863,22.9141
A_server_bl_lr,bl_lr,82,1.5038,133,1.0038,40.527,36.5119,22.9611
A_server_bl_lr,bl_lr,83,5.3435,131,1.5056,37.7666,38.394,23.8394
A_server_bl_lr,bl_lr,84,0.0,136,0.4963,41.1911,35.6079,23.201
A_server_bl_lr,bl_lr,85,6.015,133,2.1303,41.7293,35.3383,22.9323
A_server_bl_lr,bl_lr,86,6.7669,133,2.133,36.1355,38.8959,24.9686
A_server_bl_lr,bl_lr,87,0.0,133,0.0,42.6617,35.8209,21.5174
A_server_bl_lr,bl_lr,88,7.5758,132,2.5157,37.9874,38.6164,23.3962
A_server_bl_lr,bl_lr,89,3.7037,135,1.6189,38.8543,37.9826,23.1631
A_server_bl_lr,bl_lr,90,4.4776,134,2.133,39.6487,37.3902,22.9611
A_server_bl_lr,bl_lr,91,5.2632,133,1.7478,39.3258,37.7029,22.9713
A_server_bl_lr,bl_lr,92,6.7669,133,1.9925,38.9788,37.4844,23.5367
A_server_bl_lr,bl_lr,93,7.4627,134,3.2459,36.2047,39.8252,23.97
A_server_bl_lr,bl_lr,94,3.7037,135,1.7456,38.9027,38.2793,22.818
A_server_bl_lr,bl_lr,95,3.0769,130,2.133,39.2723,37.5157,23.212
A_server_bl_lr,bl_lr,96,2.2388,134,0.625,38.75,38.0,23.25
A_server_bl_lr,bl_lr,97,0.7519,133,0.3759,42.7318,35.3383,21.9298
A_server_bl_lr,bl_lr,98,0.7407,135,1.3733,40.0749,37.578,22.3471
A_server_bl_lr,bl_lr,99,0.0,134,0.4981,43.462,35.4919,21.0461
A_server_bl_lr,bl_lr,100,2.2901,131,1.2547,40.276,37.0138,22.7102
A_server_bl_lr,bl_lr,101,3.7313,134,1.1236,37.578,38.7016,23.7203
A_server_bl_lr,bl_lr,102,5.2239,134,2.7569,37.0927,39.8496,23.0576
A_server_bl_lr,bl_lr,103,1.5038,133,0.8728,40.2743,37.0324,22.6933
A_server_bl_lr,bl_lr,104,4.4776,134,2.25,39.0,37.625,23.375
A_server_bl_lr,bl_lr,105,3.7594,133,2.3691,38.9027,37.7805,23.3167
A_server_bl_lr,bl_lr,106,0.7519,133,0.5,40.5,37.0,22.5
A_server_bl_lr,bl_lr,107,3.7594,133,1.3802,38.5194,37.1393,24.3413
A_server_bl_lr,bl_lr,108,1.5038,133,0.5013,38.0952,37.9699,23.9348
A_server_bl_lr,bl_lr,109,1.5038,133,1.0025,39.8496,36.9674,23.183
A_server_bl_lr,bl_lr,110,2.2388,134,0.6219,39.801,37.3134,22.8856
A_server_bl_lr,bl_lr,111,1.4815,135,0.7491,41.6979,35.7054,22.5968
A_server_bl_lr,bl_lr,112,2.2556,133,0.6242,39.9501,37.4532,22.5968
A_server_bl_lr,bl_lr,113,3.0075,133,0.6234,40.6484,36.783,22.5686
A_server_bl_lr,bl_lr,114,1.5267,131,0.6305,41.3619,36.3178,22.3203
A_server_bl_lr,bl_lr,115,2.2388,134,2.1171,37.609,37.9826,24.4085
A_server_bl_lr,bl_lr,116,0.7463,134,1.1292,37.2647,39.6487,23.0866
A_server_bl_lr,bl_lr,117,1.5038,133,0.375,39.25,39.25,21.5
A_server_bl_lr,bl_lr,118,1.4925,134,1.4963,38.7781,37.7805,23.4414
A_server_bl_lr,bl_lr,119,0.7576,132,0.5,41.625,35.625,22.75
A_server_bl_lr,bl_lr,120,5.9701,134,1.6291,37.3434,39.3484,23.3083
A_server_bl_lr,bl_lr,121,6.015,133,1.4981,40.824,36.9538,22.2222
A_server_bl_lr,bl_lr,122,3.7594,133,1.375,39.25,39.0,21.75
A_server_bl_lr,bl_lr,123,3.7594,133,1.125,39.875,37.625,22.5
A_server_bl_lr,bl_lr,124,2.2222,135,0.7472,39.6015,38.1071,22.2914
A_server_bl_lr,bl_lr,125,12.5926,135,4.9938,36.2047,39.0762,24.7191
A_server_bl_lr,bl_lr,126,2.2727,132,1.4981,40.9488,37.2035,21.8477
A_server_bl_lr,bl_lr,127,2.2727,132,0.5013,38.9724,38.8471,22.1805
A_server_bl_lr,bl_lr,128,0.7463,134,0.7491,41.1985,36.4544,22.3471
A_server_bl_lr,bl_lr,129,0.7519,133,0.2506,39.9749,38.0952,21.9298
A_server_bl_lr,bl_lr,130,0.7463,134,0.2494,42.2693,36.1596,21.5711
A_server_bl_lr,bl_lr,131,3.7313,134,1.25,40.75,37.0,22.25
A_server_bl_lr,bl_lr,132,0.7692,130,0.5019,44.0402,35.0063,20.9536
A_server_bl_lr,bl_lr,133,2.2059,136,0.4981,42.7148,34.3711,22.9141
A_server_bl_lr,bl_lr,134,3.7594,133,1.125,40.375,37.125,22.5
A_server_bl_lr,bl_lr,135,6.6667,135,2.381,38.3459,38.4712,23.183
A_server_bl_lr,bl_lr,136,1.5152,132,0.625,41.875,35.5,22.625
A_server_bl_lr,bl_lr,137,3.0075,133,1.623,39.201,37.7029,23.0961
A_server_bl_lr,bl_lr,138,1.4925,134,0.8717,41.4695,35.8655,22.665
A_server_bl_lr,bl_lr,139,5.2632,133,1.3802,39.7742,37.1393,23.0866
A_server_bl_lr,bl_lr,140,1.5038,133,0.625,40.25,36.875,22.875
A_server_bl_lr,bl_lr,141,5.3435,131,1.7544,39.0977,37.7193,23.183
A_server_bl_lr,bl_lr,142,0.0,136,0.2484,42.6087,35.9006,21.4907
A_server_bl_lr,bl_lr,143,2.2556,133,1.1349,39.0921,37.831,23.0769
A_server_bl_lr,bl_lr,144,2.9851,134,1.4907,41.2422,35.9006,22.8571
A_server_bl_lr,bl_lr,145,6.8182,132,3.6341,36.4662,39.0977,24.4361
A_server_bl_lr,bl_lr,146,0.0,132,0.5025,42.8392,35.4271,21.7337
A_server_bl_lr,bl_lr,147,1.4815,135,0.6234,40.399,37.0324,22.5686
A_server_bl_lr,bl_lr,148,2.2388,134,1.25,39.125,37.625,23.25
A_server_bl_lr,bl_lr,149,2.9851,134,0.6227,39.1034,38.1071,22.7895
A_server_bl_lr,bl_lr,150,2.3256,129,0.8861,40.2532,36.8354,22.9114
A_server_bl_lr,bl_lr,151,2.9412,136,0.8653,40.2967,36.2176,23.4858
A_server_bl_lr,bl_lr,152,1.4925,134,1.868,39.3524,37.9826,22.665
A_server_bl_lr,bl_lr,153,4.4776,134,1.8821,39.7742,37.3902,22.8356
A_server_bl_lr,bl_lr,154,3.7594,133,1.1236,41.573,36.2047,22.2222
A_server_bl_lr,bl_lr,155,5.3435,131,4.6424,39.2723,37.6412,23.0866
A_server_bl_lr,bl_lr,156,2.963,135,0.9975,39.9002,37.5312,22.5686
A_server_bl_lr,bl_lr,157,3.7037,135,1.8703,38.1546,38.7781,23.0673
A_server_bl_lr,bl_lr,158,6.0606,132,1.5019,41.5519,37.2966,21.1514
A_server_bl_lr,bl_lr,159,3.7879,132,1.4925,38.9303,38.5572,22.5124
A_server_bl_lr,bl_lr,160,3.7313,134,1.2579,40.3774,37.9874,21.6352
A_server_bl_lr,bl_lr,161,2.963,135,0.75,41.875,36.0,22.125
A_server_bl_lr,bl_lr,162,3.7594,133,1.3733,40.1998,37.3283,22.4719
A_server_bl_lr,bl_lr,163,3.0303,132,1.0013,38.6733,38.7985,22.5282
A_server_bl_lr,bl_lr,164,0.7463,134,0.2494,41.5212,36.2843,22.1945
A_server_bl_lr,bl_lr,165,1.5152,132,2.1411,39.6725,37.4055,22.9219
A_server_bl_lr,bl_lr,166,2.9412,136,1.9802,40.5941,36.6337,22.7723
A_server_bl_lr,bl_lr,167,3.0303,132,1.25,40.0,37.25,22.75
A_server_bl_lr,bl_lr,168,8.2707,133,2.5157,39.8742,36.9811,23.1447
A_server_bl_lr,bl_lr,169,6.015,133,1.625,41.0,36.125,22.875
A_server_bl_lr,bl_lr,170,1.4925,134,0.5,40.125,37.5,22.375
A_server_bl_lr,bl_lr,171,2.9851,134,0.9988,39.7004,37.4532,22.8464
A_server_bl_lr,bl_lr,172,0.0,133,0.0,41.573,36.4544,21.9725
A_server_bl_lr,bl_lr,173,3.0303,132,1.1292,40.7779,37.0138,22.2083
A_server_bl_lr,bl_lr,174,2.963,135,1.737,37.5931,39.0819,23.3251
A_server_bl_lr,bl_lr,175,3.0075,133,3.0113,38.8959,37.2647,23.8394
A_server_bl_lr,bl_lr,176,3.7879,132,1.2531,38.7218,37.3434,23.9348
A_server_bl_lr,bl_lr,177,3.7594,133,1.2438,39.6766,37.0647,23.2587
A_server_bl_lr,bl_lr,178,4.4444,135,2.2444,38.9027,37.2818,23.8155
A_server_bl_lr,bl_lr,179,8.2707,133,3.75,39.375,37.5,23.125
A_server_bl_lr,bl_lr,180,0.7519,133,0.2522,41.6141,37.0744,21.3115
A_server_bl_lr,bl_lr,181,0.7463,134,0.2494,40.2743,37.1571,22.5686
A_server_bl_lr,bl_lr,182,3.0303,132,0.7491,39.5755,37.0787,23.3458
A_server_bl_lr,bl_lr,183,1.4925,134,0.7528,40.7779,37.3902,21.8319
A_server_bl_lr,bl_lr,184,1.4815,135,0.7509,40.9262,36.2954,22.7785
A_server_bl_lr,bl_lr,185,8.3333,132,4.2289,37.5622,39.0547,23.3831
A_server_bl_lr,bl_lr,186,1.5038,133,0.5013,40.9774,36.0902,22.9323
A_server_bl_lr,bl_lr,187,2.2388,134,0.6203,39.5782,38.4615,21.9603
A_server_bl_lr,bl_lr,188,0.7519,133,0.2516,42.0126,36.2264,21.761
A_server_bl_lr,bl_lr,189,0.7576,132,0.3759,40.7268,36.9674,22.3058
A_server_bl_lr,bl_lr,190,5.1852,135,1.623,40.0749,37.578,22.3471
A_server_bl_lr,bl_lr,191,0.0,132,0.1248,43.6954,35.3308,20.9738
A_server_bl_lr,bl_lr,192,0.0,134,0.4994,42.3221,36.2047,21.4732
A_server_bl_lr,bl_lr,193,4.4444,135,0.9988,41.3233,36.3296,22.3471
A_server_bl_lr,bl_lr,194,3.8168,131,2.0075,39.6487,37.1393,23.212
A_server_bl_lr,bl_lr,195,11.2782,133,6.0075,37.1715,38.9237,23.9049
A_server_bl_lr,bl_lr,196,3.7037,135,1.3682,38.9303,38.5572,22.5124
A_server_bl_lr,bl_lr,197,4.4776,134,1.7566,39.1468,37.8921,22.9611
A_server_bl_lr,bl_lr,198,4.5113,133,1.2453,41.2204,35.8655,22.9141
A_server_bl_lr,bl_lr,199,3.8168,131,1.7566,40.6524,36.6374,22.7102
A_server_bl_lr,bl_lr,200,1.4925,134,0.6258,43.3041,35.6696,21.0263
A_server_bl_lr,bl_lr,201,1.4706,136,0.7444,39.5782,37.7171,22.7047
A_server_bl_lr,bl_lr,202,6.015,133,2.381,40.3509,36.4662,23.183
A_server_bl_lr,bl_lr,203,3.0534,131,1.2531,40.4762,36.4662,23.0576
A_server_bl_lr,bl_lr,204,4.5113,133,1.7544,39.4737,37.9699,22.5564
A_server_bl_lr,bl_lr,205,7.4074,135,4.3478,39.2547,37.1429,23.6025
A_server_bl_lr,bl_lr,206,2.2556,133,0.8805,42.5157,35.7233,21.761
A_server_bl_lr,bl_lr,207,2.2727,132,1.5019,39.174,37.5469,23.2791
A_server_bl_lr,bl_lr,208,2.963,135,1.1166,39.9504,38.4615,21.5881
A_server_bl_lr,bl_lr,209,0.7519,133,0.5013,43.2331,34.9624,21.8045
A_server_bl_lr,bl_lr,210,2.2556,133,1.0013,39.7997,37.6721,22.5282
A_server_bl_lr,bl_lr,211,2.2556,133,1.125,38.875,39.0,22.125
A_server_bl_lr,bl_lr,212,6.0606,132,1.7588,37.9397,38.3166,23.7437
A_server_bl_lr,bl_lr,213,6.015,133,3.375,40.5,36.875,22.625
A_server_bl_lr,bl_lr,214,5.2239,134,1.8657,38.3085,38.5572,23.1343
A_server_bl_lr,bl_lr,215,3.7037,135,3.2338,39.801,36.9403,23.2587
A_server_bl_lr,bl_lr,216,1.5038,133,0.7538,41.7085,36.0553,22.2362
A_server_bl_lr,bl_lr,217,0.7519,133,0.995,39.9254,37.3134,22.7612
A_server_bl_lr,bl_lr,218,2.2901,131,1.0076,42.1914,36.398,21.4106
A_server_bl_lr,bl_lr,219,3.6765,136,0.7472,40.4732,36.9863,22.5405
A_server_bl_lr,bl_lr,220,2.9851,134,1.4963,40.0249,37.0324,22.9426
A_server_bl_lr,bl_lr,221,2.2727,132,1.1292,40.0251,36.7629,23.212
A_server_bl_lr,bl_lr,222,2.2556,133,1.623,41.9476,35.206,22.8464
A_server_bl_lr,bl_lr,223,1.4815,135,0.6211,42.1118,36.0248,21.8634
A_server_bl_lr,bl_lr,224,4.5113,133,2.0075,35.8846,40.1506,23.9649
A_server_bl_lr,bl_lr,225,3.7037,135,2.875,39.75,36.625,23.625
A_server_bl_lr,bl_lr,226,3.0303,132,1.6291,39.2231,36.8421,23.9348
A_server_bl_lr,bl_lr,227,2.2727,132,0.9975,38.7781,38.2793,22.9426
A_server_bl_lr,bl_lr,228,2.963,135,1.5056,40.4015,38.5194,21.079
A_server_bl_lr,bl_lr,229,3.7313,134,1.1208,39.6015,37.4844,22.9141
A_server_bl_lr,bl_lr,230,4.5455,132,1.5094,40.5031,36.2264,23.2704
A_server_bl_lr,bl_lr,231,0.7634,131,0.6266,40.6015,36.9674,22.4311
A_server_bl_lr,bl_lr,232,8.8889,135,2.7329,36.646,39.6273,23.7267
A_server_bl_lr,bl_lr,233,4.4444,135,1.7456,40.8978,36.783,22.3192
A_server_bl_lr,bl_lr,234,6.0606,132,2.6415,36.9811,38.8679,24.1509
A_server_bl_lr,bl_lr,235,7.5188,133,3.3624,41.345,36.7372,21.9178
A_server_bl_lr,bl_lr,236,3.0075,133,0.7491,40.824,36.5793,22.5968
A_server_bl_lr,bl_lr,237,1.4815,135,0.375,40.5,37.125,22.375
A_server_bl_lr,bl_lr,238,1.5152,132,0.5013,39.4737,37.9699,22.5564
A_server_bl_lr,bl_lr,239,2.2388,134,1.8821,39.1468,37.1393,23.7139
A_server_bl_lr,bl_lr,240,1.5152,132,0.4981,41.2204,35.3674,23.4122
A_server_bl_lr,bl_lr,241,5.1852,135,1.99,39.5522,38.1841,22.2637
A_server_bl_lr,bl_lr,242,1.5152,132,0.3764,41.2798,36.6374,22.0828
A_server_bl_lr,bl_lr,243,5.2239,134,1.3802,41.0289,35.7591,23.212
A_server_bl_lr,bl_lr,244,0.7634,131,0.6242,40.5743,37.4532,21.9725
A_server_bl_lr,bl_lr,245,7.4074,135,3.1328,37.9699,38.5965,23.4336
A_server_bl_lr,bl_lr,246,2.9412,136,1.6069,40.4203,36.5884,22.9913
A_server_bl_lr,bl_lr,247,3.0534,131,1.3871,38.7137,36.6961,24.5902
A_server_bl_lr,bl_lr,248,1.4815,135,0.6219,41.2935,36.9403,21.7662
A_server_bl_lr,bl_lr,249,1.5267,131,1.0063,39.7484,37.9874,22.2642
A_server_bl_lr,bl_lr,250,1.4815,135,0.3722,40.5707,36.2283,23.201
A_server_bl_lr,bl_lr,251,2.2556,133,0.6305,42.1185,35.4351,22.4464
A_server_bl_lr,bl_lr,252,2.2556,133,0.8685,42.3077,35.8561,21.8362
A_server_bl_lr,bl_lr,253,2.2556,133,0.6297,40.5542,37.2796,22.1662
A_server_bl_lr,bl_lr,254,2.2556,133,0.9975,39.2768,36.783,23.9401
A_server_bl_lr,bl_lr,255,7.4074,135,3.8653,38.2793,38.1546,23.5661
A_server_bl_lr,bl_lr,256,2.2727,132,1.0013,38.423,37.9224,23.6546
A_server_bl_lr,bl_lr,257,3.7313,134,1.0013,41.0513,36.0451,22.9036
A_server_bl_lr,bl_lr,258,0.7576,132,0.4994,41.1985,36.0799,22.7216
A_server_bl_lr,bl_lr,259,3.7594,133,1.1264,41.6771,36.1702,22.1527
A_server_bl_lr,bl_lr,260,0.7353,136,0.4975,41.5423,36.0697,22.3881
A_server_bl_lr,bl_lr,261,0.7519,133,0.3764,40.1506,37.5157,22.3338
A_server_bl_lr,bl_lr,262,4.5455,132,1.25,38.875,37.75,23.375
A_server_bl_lr,bl_lr,263,2.2388,134,0.8717,39.3524,37.7335,22.9141
A_server_bl_lr,bl_lr,264,1.4925,134,2.0075,38.7704,38.394,22.8356
A_server_bl_lr,bl_lr,265,2.2556,133,2.6185,39.2768,37.0324,23.6908
A_server_bl_lr,bl_lr,266,3.7313,134,1.3716,37.9052,38.1546,23.9401
A_server_bl_lr,bl_lr,267,1.5385,130,0.6281,41.3317,37.0603,21.608
A_server_bl_lr,bl_lr,268,5.8824,136,2.2444,38.2793,37.1571,24.5636
A_server_bl_lr,bl_lr,269,3.0534,131,1.761,37.3585,39.2453,23.3962
A_server_bl_lr,bl_lr,270,2.2222,135,1.8657,38.3085,38.5572,23.1343
A_server_bl_lr,bl_lr,271,2.2556,133,0.9975,38.0299,39.4015,22.5686
A_server_bl_lr,bl_lr,272,4.4776,134,1.6291,39.7243,38.0952,22.1805
A_server_bl_lr,bl_lr,273,6.7669,133,1.8844,40.4523,37.0603,22.4874
A_server_bl_lr,bl_lr,274,1.5152,132,0.8739,39.8252,37.3283,22.8464
A_server_bl_lr,bl_lr,275,7.3529,136,2.9814,38.0124,38.2609,23.7267
A_server_bl_lr,bl_lr,276,1.5152,132,0.7519,40.2256,37.3434,22.4311
A_server_bl_lr,bl_lr,277,5.9701,134,1.8844,38.8191,37.5628,23.6181
A_server_bl_lr,bl_lr,278,6.015,133,2.4814,37.469,38.9578,23.5732
A_server_bl_lr,bl_lr,279,2.9851,134,1.2563,41.206,36.4322,22.3618
A_server_bl_lr,bl_lr,280,1.5038,133,0.9988,41.0737,36.2047,22.7216
A_server_bl_lr,bl_lr,281,3.0075,133,0.8717,39.3524,37.9826,22.665
A_server_bl_lr,bl_lr,282,2.2556,133,1.1307,38.9447,37.8141,23.2412
A_server_bl_lr,bl_lr,283,0.7463,134,0.7481,40.8978,37.1571,21.9451
A_server_bl_lr,bl_lr,284,3.0075,133,0.6242,39.4507,38.2022,22.3471
A_server_bl_lr,bl_lr,285,8.2707,133,3.25,37.875,38.75,23.375
A_server_bl_lr,bl_lr,286,2.9851,134,0.6258,39.5494,37.6721,22.7785
A_server_bl_lr,bl_lr,287,2.2556,133,0.8772,41.4787,36.2155,22.3058
A_server_bl_lr,bl_lr,288,2.2556,133,0.8717,40.5978,36.3636,23.0386
A_server_bl_lr,bl_lr,289,2.9851,134,0.7519,40.3509,37.3434,22.3058
A_server_bl_lr,bl_lr,290,3.0534,131,1.5038,39.4737,37.4687,23.0576
A_server_bl_lr,bl_lr,291,2.9851,134,1.5019,39.9249,37.1715,22.9036
A_server_bl_lr,bl_lr,292,3.7037,135,1.3802,41.4053,35.8846,22.7102
A_server_bl_lr,bl_lr,293,1.5038,133,1.3665,38.6335,37.1429,24.2236
A_server_bl_lr,bl_lr,294,3.7879,132,0.9963,39.1034,37.7335,23.1631
A_server_bl_lr,bl_lr,295,5.1852,135,2.5063,38.7218,37.4687,23.8095
A_server_bl_lr,bl_lr,296,3.0075,133,1.623,39.4507,37.0787,23.4707
A_server_bl_lr,bl_lr,297,5.2239,134,1.9975,40.4494,36.5793,22.9713
A_server_bl_lr,bl_lr,298,1.5267,131,0.5038,40.1763,36.5239,23.2997
A_server_bl_lr,bl_lr,299,5.9701,134,2.2388,38.5572,37.8109,23.6318
A_server_bl_lr,bl_lr,300,2.963,135,0.9975,40.1496,37.0324,22.818
A_server_bl_lr,bl_lr,301,2.9851,134,1.2516,40.5507,37.6721,21.7772
A_server_bl_lr,bl_lr,302,1.5038,133,1.7456,39.7756,37.6559,22.5686
A_server_bl_lr,bl_lr,303,4.5455,132,1.25,42.125,34.75,23.125
A_server_bl_lr,bl_lr,304,7.5188,133,5.0,37.25,38.875,23.875
A_server_bl_lr,bl_lr,305,2.9851,134,0.8761,38.6733,38.2979,23.0288
A_server_bl_lr,bl_lr,306,2.2388,134,0.3755,41.3016,35.7947,22.9036
A_server_bl_lr,bl_lr,307,3.0534,131,1.3871,41.3619,36.3178,22.3203
A_server_bl_lr,bl_lr,308,1.4925,134,0.3717,40.8922,36.9269,22.1809
A_server_bl_lr,bl_lr,309,3.7037,135,1.8773,38.7985,38.0476,23.1539
A_server_bl_lr,bl_lr,310,6.7164,134,3.2419,38.6534,38.0299,23.3167
A_server_bl_lr,bl_lr,311,3.7879,132,1.2484,39.7004,37.578,22.7216
A_server_bl_lr,bl_lr,312,6.7669,133,2.005,40.3509,36.7168,22.9323
A_server_bl_lr,bl_lr,313,2.9851,134,1.1236,42.1973,35.5805,22.2222
A_server_bl_lr,bl_lr,314,3.0075,133,1.25,39.25,38.0,22.75
A_server_bl_lr,bl_lr,315,4.5113,133,2.0,40.5,35.875,23.625
A_server_bl_lr,bl_lr,316,1.5038,133,0.5,42.125,34.75,23.125
A_server_bl_lr,bl_lr,317,2.2388,134,1.005,40.0754,36.5578,23.3668
A_server_bl_lr,bl_lr,318,0.7519,133,0.4975,40.5473,36.8159,22.6368
A_server_bl_lr,bl_lr,319,3.7594,133,1.623,40.5743,36.829,22.5968
A_server_bl_lr,bl_lr,320,5.2239,134,1.125,41.25,35.875,22.875
A_server_bl_lr,bl_lr,321,0.7519,133,0.6266,40.3509,37.218,22.4311
A_server_bl_lr,bl_lr,322,2.9851,134,1.4981,38.5768,37.7029,23.7203
A_server_bl_lr,bl_lr,323,3.7594,133,1.5038,40.9774,35.4637,23.5589
A_server_bl_lr,bl_lr,324,0.7576,132,0.2516,40.8805,36.1006,23.0189
A_server_bl_lr,bl_lr,325,3.6765,136,1.7348,40.2726,36.9269,22.8005
A_server_bl_lr,bl_lr,326,0.7576,132,0.4975,39.9254,35.9453,24.1294
A_server_bl_lr,bl_lr,327,2.2388,134,0.6289,41.0063,36.8553,22.1384
A_server_bl_lr,bl_lr,328,2.2727,132,1.1236,39.9501,38.0774,21.9725
A_server_bl_lr,bl_lr,329,2.963,135,1.0063,38.9937,38.1132,22.8931
A_server_bl_lr,bl_lr,330,1.5152,132,0.8685,40.8189,37.0968,22.0844
A_server_bl_lr,bl_lr,331,3.7313,134,1.5019,41.8023,35.6696,22.5282
A_server_bl_lr,bl_lr,332,2.2556,133,0.8794,38.4422,38.9447,22.6131
A_server_bl_lr,bl_lr,333,3.7313,134,1.7413,38.1841,37.6866,24.1294
A_server_bl_lr,bl_lr,334,5.303,132,2.0101,37.8141,38.5678,23.6181
A_server_bl_lr,bl_lr,335,3.7313,134,2.4907,38.6052,37.9826,23.4122
A_server_bl_lr,bl_lr,336,2.2222,135,1.2469,40.5237,36.783,22.6933
A_server_bl_lr,bl_lr,337,3.0303,132,1.0038,41.0289,36.7629,22.2083
A_server_bl_lr,bl_lr,338,3.7594,133,1.6291,40.4762,36.4662,23.0576
A_server_bl_lr,bl_lr,339,0.7519,133,0.8706,41.791,35.4478,22.7612
A_server_bl_lr,bl_lr,340,2.9851,134,0.875,40.5,37.125,22.375
A_server_bl_lr,bl_lr,341,2.9851,134,2.1223,38.2022,37.9526,23.8452
A_server_bl_lr,bl_lr,342,3.0303,132,1.7566,41.2798,35.7591,22.9611
A_server_bl_lr,bl_lr,343,2.9851,134,0.7472,40.5978,36.6127,22.7895
A_server_bl_lr,bl_lr,344,2.2901,131,1.0038,39.1468,37.7666,23.0866
A_server_bl_lr,bl_lr,345,3.6496,137,1.7435,39.9751,35.99,24.0349
A_server_bl_lr,bl_lr,346,0.7576,132,0.8794,40.3266,36.9347,22.7387
A_server_bl_lr,bl_lr,347,2.2388,134,1.3699,41.4695,36.2391,22.2914
A_server_bl_lr,bl_lr,348,0.7576,132,0.25,40.5,36.375,23.125
A_server_bl_lr,bl_lr,349,3.7594,133,1.375,38.75,38.25,23.0
A_server_bl_lr,bl_lr,350,0.7407,135,0.5,40.25,37.0,22.75
A_server_bl_lr,bl_lr,351,2.2556,133,1.3802,40.6524,37.6412,21.7064
A_server_bl_lr,bl_lr,352,5.303,132,2.1303,39.8496,37.0927,23.0576
A_server_bl_lr,bl_lr,353,4.4776,134,1.868,38.1071,37.609,24.2839
A_server_bl_lr,bl_lr,354,1.5152,132,0.7509,38.9237,37.9224,23.1539
A_server_bl_lr,bl_lr,355,5.2632,133,2.0,42.875,34.5,22.625
A_server_bl_lr,bl_lr,356,7.4074,135,2.378,39.0488,36.4205,24.5307
A_server_bl_lr,bl_lr,357,4.5113,133,1.2407,39.5782,37.469,22.9529
A_server_bl_lr,bl_lr,358,0.0,134,0.2506,41.1028,37.594,21.3033
A_server_bl_loc,bl_loc,0,100.0,123,100.0,57.554,28.3453,14.1007
A_server_bl_loc,bl_loc,1,100.0,117,100.0,57.5075,28.3784,14.1141
A_server_bl_loc,bl_loc,2,100.0,115,100.0,56.9546,28.6969,14.3485
A_server_bl_loc,bl_loc,3,100.0,104,100.0,56.4322,28.988,14.5798
A_server_bl_loc,bl_loc,4,100.0,106,100.0,57.5573,28.3969,14.0458
A_server_bl_loc,bl_loc,5,100.0,88,100.0,56.701,28.6942,14.6048
A_server_bl_loc,bl_loc,6,100.0,108,100.0,57.7441,28.4512,13.8047
A_server_bl_loc,bl_loc,7,100.0,105,100.0,57.4184,28.3383,14.2433
A_server_bl_loc,bl_loc,8,100.0,101,100.0,56.6069,28.8744,14.5188
A_server_bl_loc,bl_loc,9,100.0,109,100.0,57.8125,28.125,14.0625
A_server_bl_loc,bl_loc,10,100.0,116,100.0,56.6384,28.8136,14.548
A_server_bl_loc,bl_loc,11,100.0,104,100.0,56.9423,28.7051,14.3526
A_server_bl_loc,bl_loc,12,100.0,105,100.0,57.5758,28.3333,14.0909
A_server_bl_loc,bl_loc,13,100.0,98,100.0,57.2621,28.5476,14.1903
A_server_bl_loc,bl_loc,14,100.0,103,100.0,56.1576,29.064,14.7783
A_server_bl_loc,bl_loc,15,100.0,104,100.0,58.0741,28.1481,13.7778
A_server_bl_loc,bl_loc,16,100.0,107,100.0,56.682,28.725,14.5929
A_server_bl_loc,bl_loc,17,100.0,96,100.0,57.0481,28.6899,14.262
A_server_bl_loc,bl_loc,18,100.0,114,100.0,57.473,28.3513,14.1757
A_server_bl_loc,bl_loc,19,100.0,105,100.0,56.6225,28.8079,14.5695
A_server_bl_loc,bl_loc,20,100.0,104,100.0,57.8275,28.2748,13.8978
A_server_bl_loc,bl_loc,21,100.0,109,100.0,56.9423,28.7051,14.3526
A_server_bl_loc,bl_loc,22,100.0,116,100.0,57.0225,28.6517,14.3258
A_server_bl_loc,bl_loc,23,100.0,101,100.0,57.3171,28.3972,14.2857
A_server_bl_loc,bl_loc,24,100.0,112,100.0,56.4774,28.9665,14.556
A_server_bl_loc,bl_loc,25,100.0,117,100.0,57.7677,28.2051,14.0271
A_server_bl_loc,bl_loc,26,100.0,103,100.0,56.9748,28.7395,14.2857
A_server_bl_loc,bl_loc,27,100.0,106,100.0,57.164,28.5081,14.3279
A_server_bl_loc,bl_loc,28,100.0,102,100.0,56.486,28.8998,14.6141
A_server_bl_loc,bl_loc,29,100.0,112,100.0,57.7969,28.3262,13.877
A_server_bl_loc,bl_loc,30,100.0,110,100.0,57.121,28.4839,14.3951
A_server_bl_loc,bl_loc,31,100.0,90,100.0,56.6836,28.7648,14.5516
A_server_bl_loc,bl_loc,32,100.0,104,100.0,57.1654,28.5039,14.3307
A_server_bl_loc,bl_loc,33,100.0,107,100.0,57.2864,28.4757,14.2379
A_server_bl_loc,bl_loc,34,100.0,121,100.0,57.6538,28.3262,14.02
A_server_bl_loc,bl_loc,35,100.0,97,100.0,56.7839,28.8107,14.4054
A_server_bl_loc,bl_loc,36,100.0,104,100.0,57.2327,28.6164,14.1509
A_server_bl_loc,bl_loc,37,100.0,110,100.0,57.0108,28.6595,14.3297
A_server_bl_loc,bl_loc,38,100.0,109,100.0,57.8431,28.1046,14.0523
A_server_bl_loc,bl_loc,39,100.0,99,100.0,56.0976,29.2683,14.6341
A_server_bl_loc,bl_loc,40,100.0,110,100.0,57.3991,28.4006,14.2003
A_server_bl_loc,bl_loc,41,100.0,105,100.0,57.1637,28.5088,14.3275
A_server_bl_loc,bl_loc,42,100.0,103,100.0,58.0286,28.1399,13.8315
A_server_bl_loc,bl_loc,43,100.0,104,100.0,56.3333,29.0,14.6667
A_server_bl_loc,bl_loc,44,100.0,110,100.0,57.8626,28.0916,14.0458
A_server_bl_loc,bl_loc,45,100.0,107,100.0,56.4019,29.0113,14.5867
A_server_bl_loc,bl_loc,46,100.0,105,100.0,57.1646,28.5061,14.3293
A_server_bl_loc,bl_loc,47,100.0,97,100.0,57.4324,28.5473,14.0203
A_server_bl_loc,bl_loc,48,100.0,108,100.0,57.4887,28.2905,14.2209
A_server_bl_loc,bl_loc,49,100.0,105,100.0,56.044,29.1994,14.7567
A_server_bl_loc,bl_loc,50,100.0,113,100.0,58.4071,27.8761,13.7168
A_server_bl_loc,bl_loc,51,100.0,92,100.0,55.7319,29.4533,14.8148
A_server_bl_loc,bl_loc,52,100.0,102,100.0,57.6857,28.152,14.1623
A_server_bl_loc,bl_loc,53,100.0,105,100.0,56.8421,28.7218,14.4361
A_server_bl_loc,bl_loc,54,100.0,103,100.0,57.1203,28.6392,14.2405
A_server_bl_loc,bl_loc,55,100.0,110,100.0,57.5712,28.3358,14.093
A_server_bl_loc,bl_loc,56,100.0,94,100.0,56.5217,28.9298,14.5485
A_server_bl_loc,bl_loc,57,100.0,112,100.0,57.9193,28.1056,13.9752
A_server_bl_loc,bl_loc,58,100.0,107,100.0,56.6929,28.8189,14.4882
A_server_bl_loc,bl_loc,59,100.0,88,100.0,57.2607,28.5479,14.1914
A_server_bl_loc,bl_loc,60,100.0,112,100.0,56.7442,28.6822,14.5736
A_server_bl_loc,bl_loc,61,100.0,89,100.0,57.0513,28.6859,14.2628
A_server_bl_loc,bl_loc,62,100.0,120,100.0,57.5385,28.3077,14.1538
A_server_bl_loc,bl_loc,63,100.0,96,100.0,56.9331,28.8744,14.1925
A_server_bl_loc,bl_loc,64,100.0,115,100.0,57.0783,28.6145,14.3072
A_server_bl_loc,bl_loc,65,100.0,101,100.0,57.7273,28.0303,14.2424
A_server_bl_loc,bl_loc,66,100.0,110,100.0,56.9094,28.8262,14.2645
A_server_bl_loc,bl_loc,67,100.0,99,100.0,56.77,28.7113,14.5188
A_server_bl_loc,bl_loc,68,100.0,107,100.0,57.9872,28.115,13.8978
A_server_bl_loc,bl_loc,69,100.0,109,100.0,56.8116,28.6957,14.4928
A_server_bl_loc,bl_loc,70,100.0,99,100.0,56.8297,28.8364,14.3339
A_server_bl_loc,bl_loc,71,100.0,108,100.0,57.1856,28.5928,14.2216
A_server_bl_loc,bl_loc,72,100.0,96,100.0,57.2391,28.4512,14.3098
A_server_bl_loc,bl_loc,73,100.0,109,100.0,56.6667,28.7879,14.5455
A_server_bl_loc,bl_loc,74,100.0,115,100.0,57.7882,28.3489,13.8629
A_server_bl_loc,bl_loc,75,100.0,102,100.0,57.4841,28.3439,14.172
A_server_bl_loc,bl_loc,76,100.0,98,100.0,56.8567,28.6595,14.4838
A_server_bl_loc,bl_loc,77,100.0,108,100.0,56.9355,28.871,14.1935
A_server_bl_loc,bl_loc,78,100.0,104,100.0,57.3506,28.2714,14.378
A_server_bl_loc,bl_loc,79,100.0,106,100.0,56.872,28.752,14.376
A_server_bl_loc,bl_loc,80,100.0,104,100.0,57.4405,28.5714,13.9881
A_server_bl_loc,bl_loc,81,100.0,113,100.0,56.8598,28.5061,14.6341
A_server_bl_loc,bl_loc,82,100.0,100,100.0,56.7114,28.8591,14.4295
A_server_bl_loc,bl_loc,83,100.0,108,100.0,57.7778,28.254,13.9683
A_server_bl_loc,bl_loc,84,100.0,103,100.0,56.9052,28.619,14.4759
A_server_bl_loc,bl_loc,85,100.0,95,100.0,57.837,28.2132,13.9498
A_server_bl_loc,bl_loc,86,100.0,101,100.0,56.6303,28.8612,14.5086
A_server_bl_loc,bl_loc,87,100.0,115,100.0,57.2932,28.5714,14.1353
A_server_bl_loc,bl_loc,88,100.0,107,100.0,56.5284,28.8786,14.5929
A_server_bl_loc,bl_loc,89,100.0,104,100.0,57.187,28.4389,14.374
A_server_bl_loc,bl_loc,90,100.0,106,100.0,58.6777,27.9339,13.3884
A_server_bl_loc,bl_loc,91,100.0,108,100.0,55.6561,29.2609,15.083
A_server_bl_loc,bl_loc,92,100.0,106,100.0,57.7211,28.1859,14.093
A_server_bl_loc,bl_loc,93,100.0,110,100.0,56.3636,28.9256,14.7107
A_server_bl_loc,bl_loc,94,100.0,102,100.0,57.4959,28.5008,14.0033
A_server_bl_loc,bl_loc,95,100.0,99,100.0,57.0312,28.75,14.2188
A_server_bl_loc,bl_loc,96,100.0,109,100.0,57.3991,28.2511,14.3498
A_server_bl_loc,bl_loc,97,100.0,101,100.0,57.2816,28.6408,14.0777
A_server_bl_loc,bl_loc,98,100.0,93,100.0,56.7063,28.6927,14.601
A_server_bl_loc,bl_loc,99,100.0,113,100.0,57.1219,28.6344,14.2438
A_server_bl_loc,bl_loc,100,100.0,105,100.0,57.9378,28.1506,13.9116
A_server_bl_loc,bl_loc,101,100.0,116,100.0,56.4214,29.0043,14.5743
A_server_bl_loc,bl_loc,102,100.0,113,100.0,57.3718,28.3654,14.2628
A_server_bl_loc,bl_loc,103,100.0,105,100.0,56.6553,28.8396,14.5051
A_server_bl_loc,bl_loc,104,100.0,113,100.0,57.6523,28.3804,13.9673
A_server_bl_loc,bl_loc,105,100.0,101,100.0,56.6836,28.7648,14.5516
A_server_bl_loc,bl_loc,106,100.0,108,100.0,57.4961,28.4389,14.0649
A_server_bl_loc,bl_loc,107,100.0,118,100.0,57.0588,28.5294,14.4118
A_server_bl_loc,bl_loc,108,100.0,94,100.0,56.6781,28.7671,14.5548
A_server_bl_loc,bl_loc,109,100.0,108,100.0,58.0547,28.2675,13.6778
A_server_bl_loc,bl_loc,110,100.0,94,100.0,56.5079,28.7302,14.7619
A_server_bl_loc,bl_loc,111,100.0,100,100.0,58.0699,28.1198,13.8103
A_server_bl_loc,bl_loc,112,100.0,107,100.0,56.6563,28.9474,14.3963
A_server_bl_loc,bl_loc,113,100.0,105,100.0,56.8995,28.6201,14.4804
A_server_bl_loc,bl_loc,114,100.0,103,100.0,57.0033,28.5016,14.4951
A_server_bl_loc,bl_loc,115,100.0,110,100.0,57.3117,28.6558,14.0325
A_server_bl_loc,bl_loc,116,100.0,96,100.0,57.0481,28.524,14.4279
A_server_bl_loc,bl_loc,117,100.0,105,100.0,56.9697,28.6364,14.3939
A_server_bl_loc,bl_loc,118,100.0,103,100.0,57.188,28.594,14.218
A_server_bl_loc,bl_loc,119,100.0,107,100.0,56.8142,28.6726,14.5133
A_server_bl_loc,bl_loc,120,100.0,116,100.0,58.0997,28.1931,13.7072
A_server_bl_loc,bl_loc,121,100.0,119,100.0,56.0703,29.0735,14.8562
A_server_bl_loc,bl_loc,122,100.0,104,100.0,58.9342,27.4295,13.6364
A_server_bl_loc,bl_loc,123,100.0,115,100.0,56.1047,29.3605,14.5349
A_server_bl_loc,bl_loc,124,100.0,109,100.0,56.7524,28.7781,14.4695
A_server_bl_loc,bl_loc,125,100.0,108,100.0,57.3353,28.4431,14.2216
A_server_bl_loc,bl_loc,126,100.0,98,100.0,58.194,27.9264,13.8796
A_server_bl_loc,bl_loc,127,100.0,99,100.0,56.7686,28.821,14.4105
A_server_bl_loc,bl_loc,128,100.0,112,100.0,56.7939,28.7023,14.5038
A_server_bl_loc,bl_loc,129,100.0,113,100.0,57.2485,28.5503,14.2012
A_server_bl_loc,bl_loc,130,100.0,108,100.0,57.4018,28.3988,14.1994
A_server_bl_loc,bl_loc,131,100.0,106,100.0,56.2305,29.1277,14.6417
A_server_bl_loc,bl_loc,132,100.0,98,100.0,57.3712,28.4192,14.2096
A_server_bl_loc,bl_loc,133,100.0,110,100.0,57.1819,28.591,14.2271
A_server_bl_loc,bl_loc,134,100.0,122,100.0,57.8869,28.125,13.9881
A_server_bl_loc,bl_loc,135,100.0,124,100.0,56.2784,29.0469,14.6747
A_server_bl_loc,bl_loc,136,100.0,100,100.0,57.9734,28.0731,13.9535
A_server_bl_loc,bl_loc,137,100.0,111,100.0,56.7652,28.7714,14.4635
A_server_bl_loc,bl_loc,138,100.0,111,100.0,57.0597,28.6754,14.2649
A_server_bl_loc,bl_loc,139,100.0,103,100.0,56.7961,28.8026,14.4013
A_server_bl_loc,bl_loc,140,100.0,115,100.0,57.5221,28.3186,14.1593
A_server_bl_loc,bl_loc,141,100.0,104,100.0,57.3744,28.363,14.2626
A_server_bl_loc,bl_loc,142,100.0,102,100.0,56.7026,28.8136,14.4838
A_server_bl_loc,bl_loc,143,100.0,94,100.0,56.9536,28.8079,14.2384
A_server_bl_loc,bl_loc,144,100.0,107,100.0,58.0303,28.0303,13.9394
A_server_bl_loc,bl_loc,145,100.0,107,100.0,56.8289,28.7284,14.4427
A_server_bl_loc,bl_loc,146,100.0,105,100.0,57.277,28.482,14.241
A_server_bl_loc,bl_loc,147,100.0,98,100.0,56.7692,28.7692,14.4615
A_server_bl_loc,bl_loc,148,100.0,105,100.0,57.309,28.5714,14.1196
A_server_bl_loc,bl_loc,149,100.0,103,100.0,56.4935,28.8961,14.6104
A_server_bl_loc,bl_loc,150,100.0,119,100.0,57.7969,28.1831,14.02
A_server_bl_loc,bl_loc,151,100.0,107,100.0,57.3052,28.4091,14.2857
A_server_bl_loc,bl_loc,152,100.0,98,100.0,56.6164,28.9782,14.4054
A_server_bl_loc,bl_loc,153,100.0,112,100.0,57.1429,28.5714,14.2857
A_server_bl_loc,bl_loc,154,100.0,105,100.0,56.8,28.8,14.4
A_server_bl_loc,bl_loc,155,100.0,108,100.0,57.3356,28.3305,14.3339
A_server_bl_loc,bl_loc,156,100.0,118,100.0,57.8082,28.2192,13.9726
A_server_bl_loc,bl_loc,157,100.0,99,100.0,55.9105,29.2332,14.8562
A_server_bl_loc,bl_loc,158,100.0,108,100.0,57.8352,28.433,13.7318
A_server_bl_loc,bl_loc,159,100.0,101,100.0,58.2298,27.795,13.9752
A_server_bl_loc,bl_loc,160,100.0,107,100.0,56.0676,29.1859,14.7465
A_server_bl_loc,bl_loc,161,100.0,103,100.0,57.7815,28.1457,14.0728
A_server_bl_loc,bl_loc,162,100.0,101,100.0,56.1997,29.1465,14.6538
A_server_bl_loc,bl_loc,163,100.0,126,100.0,57.423,28.4314,14.1457
A_server_bl_loc,bl_loc,164,100.0,92,100.0,57.6159,28.1457,14.2384
A_server_bl_loc,bl_loc,165,100.0,97,100.0,56.2604,29.2154,14.5242
A_server_bl_loc,bl_loc,166,100.0,111,100.0,57.594,28.2707,14.1353
A_server_bl_loc,bl_loc,167,100.0,101,100.0,58.0311,28.152,13.8169
A_server_bl_loc,bl_loc,168,100.0,111,100.0,56.2974,28.9833,14.7193
A_server_bl_loc,bl_loc,169,100.0,108,100.0,56.9876,28.7267,14.2857
A_server_bl_loc,bl_loc,170,100.0,110,100.0,57.6507,28.2844,14.0649
A_server_bl_loc,bl_loc,171,100.0,100,100.0,56.4935,28.8961,14.6104
A_server_bl_loc,bl_loc,172,100.0,95,100.0,56.7291,28.7905,14.4804
A_server_bl_loc,bl_loc,173,100.0,110,100.0,57.6105,28.3142,14.0753
A_server_bl_loc,bl_loc,174,100.0,96,100.0,57.3506,28.433,14.2165
A_server_bl_loc,bl_loc,175,100.0,111,100.0,57.1651,28.6604,14.1745
A_server_bl_loc,bl_loc,176,100.0,112,100.0,56.8452,28.7202,14.4345
A_server_bl_loc,bl_loc,177,100.0,113,100.0,56.872,28.594,14.534
A_server_bl_loc,bl_loc,178,100.0,114,100.0,57.6631,28.3763,13.9605
A_server_bl_loc,bl_loc,179,100.0,91,100.0,56.8182,28.7338,14.4481
A_server_bl_loc,bl_loc,180,100.0,106,100.0,57.5893,28.2738,14.1369
A_server_bl_loc,bl_loc,181,100.0,111,100.0,56.6096,28.9269,14.4635
A_server_bl_loc,bl_loc,182,100.0,113,100.0,57.9511,28.2875,13.7615
A_server_bl_loc,bl_loc,183,100.0,102,100.0,56.8404,28.5016,14.658
A_server_bl_loc,bl_loc,184,100.0,111,100.0,57.0588,28.6765,14.2647
A_server_bl_loc,bl_loc,185,100.0,110,100.0,56.8012,28.6996,14.4993
A_server_bl_loc,bl_loc,186,100.0,105,100.0,57.2816,28.6408,14.0777
A_server_bl_loc,bl_loc,187,100.0,124,100.0,57.5301,28.3133,14.1566
A_server_bl_loc,bl_loc,188,100.0,108,100.0,57.4959,28.3361,14.168
A_server_bl_loc,bl_loc,189,100.0,112,100.0,56.5468,28.9209,14.5324
A_server_bl_loc,bl_loc,190,100.0,113,100.0,57.3529,28.5294,14.1176
A_server_bl_loc,bl_loc,191,100.0,101,100.0,56.314,28.8396,14.8464
A_server_bl_loc,bl_loc,192,100.0,108,100.0,57.2917,28.5714,14.1369
A_server_bl_loc,bl_loc,193,100.0,88,100.0,56.9832,28.6778,14.3389
A_server_bl_loc,bl_loc,194,100.0,111,100.0,57.6812,28.2609,14.058
A_server_bl_loc,bl_loc,195,100.0,104,100.0,57.277,28.482,14.241
A_server_bl_loc,bl_loc,196,100.0,110,100.0,57.4103,28.5491,14.0406
A_server_bl_loc,bl_loc,197,100.0,98,100.0,57.2543,28.3931,14.3526
A_server_bl_loc,bl_loc,198,100.0,105,100.0,56.875,28.75,14.375
A_server_bl_loc,bl_loc,199,100.0,95,100.0,56.9182,28.6164,14.4654
A_server_bl_loc,bl_loc,200,100.0,97,100.0,57.189,28.5945,14.2165
A_server_bl_loc,bl_loc,201,100.0,100,100.0,56.4991,28.9428,14.5581
A_server_bl_loc,bl_loc,202,100.0,120,100.0,57.931,28.0,14.069
A_server_bl_loc,bl_loc,203,100.0,102,100.0,56.5574,29.0164,14.4262
A_server_bl_loc,bl_loc,204,100.0,98,100.0,57.2368,28.6184,14.1447
A_server_bl_loc,bl_loc,205,100.0,117,100.0,57.1429,28.4211,14.4361
A_server_bl_loc,bl_loc,206,100.0,94,100.0,57.596,28.5476,13.8564
A_server_bl_loc,bl_loc,207,100.0,110,100.0,57.2254,28.4682,14.3064
A_server_bl_loc,bl_loc,208,100.0,110,100.0,56.7524,28.7781,14.4695
A_server_bl_loc,bl_loc,209,100.0,96,100.0,56.8471,28.6624,14.4904
A_server_bl_loc,bl_loc,210,100.0,106,100.0,57.9932,28.2313,13.7755
A_server_bl_loc,bl_loc,211,100.0,102,100.0,56.3312,28.8961,14.7727
A_server_bl_loc,bl_loc,212,100.0,115,100.0,57.5549,28.4341,14.011
A_server_bl_loc,bl_loc,213,100.0,99,100.0,56.9983,28.4992,14.5025
A_server_bl_loc,bl_loc,214,100.0,101,100.0,57.1195,28.6416,14.239
A_server_bl_loc,bl_loc,215,100.0,110,100.0,56.9892,28.725,14.2857
A_server_bl_loc,bl_loc,216,100.0,106,100.0,57.1203,28.481,14.3987
A_server_bl_loc,bl_loc,217,100.0,103,100.0,57.1901,28.595,14.2149
A_server_bl_loc,bl_loc,218,100.0,101,100.0,57.971,28.1804,13.8486
A_server_bl_loc,bl_loc,219,100.0,103,100.0,56.1431,29.0824,14.7745
A_server_bl_loc,bl_loc,220,100.0,105,100.0,57.6807,28.3133,14.006
A_server_bl_loc,bl_loc,221,100.0,105,100.0,56.5217,28.8245,14.6538
A_server_bl_loc,bl_loc,222,100.0,104,100.0,57.329,28.5016,14.1694
A_server_bl_loc,bl_loc,223,100.0,95,100.0,57.2816,28.479,14.2395
A_server_bl_loc,bl_loc,224,100.0,100,100.0,57.5658,28.2895,14.1447
A_server_bl_loc,bl_loc,225,100.0,113,100.0,56.9207,28.7714,14.3079
A_server_bl_loc,bl_loc,226,100.0,115,100.0,57.1225,28.6325,14.245
A_server_bl_loc,bl_loc,227,100.0,113,100.0,57.0523,28.5261,14.4216
A_server_bl_loc,bl_loc,228,100.0,109,100.0,57.3643,28.5271,14.1085
A_server_bl_loc,bl_loc,229,100.0,96,100.0,57.1429,28.4109,14.4462
A_server_bl_loc,bl_loc,230,100.0,88,100.0,56.875,28.9062,14.2188
A_server_bl_loc,bl_loc,231,100.0,99,100.0,56.9231,28.547,14.5299
A_server_bl_loc,bl_loc,232,100.0,100,100.0,57.3034,28.5714,14.1252
A_server_bl_loc,bl_loc,233,100.0,94,100.0,56.942,28.6467,14.4112
A_server_bl_loc,bl_loc,234,100.0,105,100.0,57.4436,28.4211,14.1353
A_server_bl_loc,bl_loc,235,100.0,111,100.0,56.9823,28.5714,14.4462
A_server_bl_loc,bl_loc,236,100.0,113,100.0,57.1221,28.6337,14.2442
A_server_bl_loc,bl_loc,237,100.0,98,100.0,57.0934,28.5467,14.3599
A_server_bl_loc,bl_loc,238,100.0,105,100.0,57.7508,28.2675,13.9818
A_server_bl_loc,bl_loc,239,100.0,100,100.0,57.0234,28.7625,14.214
A_server_bl_loc,bl_loc,240,100.0,118,100.0,57.3099,28.3626,14.3275
A_server_bl_loc,bl_loc,241,100.0,106,100.0,56.3934,29.0164,14.5902
A_server_bl_loc,bl_loc,242,100.0,111,100.0,57.362,28.3742,14.2638
A_server_bl_loc,bl_loc,243,100.0,96,100.0,56.5147,28.9902,14.4951
A_server_bl_loc,bl_loc,244,100.0,98,100.0,57.1429,28.5714,14.2857
A_server_bl_loc,bl_loc,245,100.0,110,100.0,57.8102,28.3212,13.8686
A_server_bl_loc,bl_loc,246,100.0,121,100.0,57.0997,28.5498,14.3505
A_server_bl_loc,bl_loc,247,100.0,104,100.0,56.8333,28.6667,14.5
A_server_bl_loc,bl_loc,248,100.0,98,100.0,57.5652,28.3478,14.087
A_server_bl_loc,bl_loc,249,100.0,109,100.0,56.8249,28.7834,14.3917
A_server_bl_loc,bl_loc,250,100.0,98,100.0,57.4803,28.189,14.3307
A_server_bl_loc,bl_loc,251,100.0,94,100.0,56.6164,28.9782,14.4054
A_server_bl_loc,bl_loc,252,100.0,108,100.0,56.9018,28.681,14.4172
A_server_bl_loc,bl_loc,253,100.0,105,100.0,57.5573,28.3969,14.0458
A_server_bl_loc,bl_loc,254,100.0,89,100.0,56.6728,28.702,14.6252
A_server_bl_loc,bl_loc,255,100.0,111,100.0,58.4203,28.0179,13.5618
A_server_bl_loc,bl_loc,256,100.0,122,100.0,56.4286,28.8571,14.7143
A_server_bl_loc,bl_loc,257,100.0,105,100.0,57.5573,28.5496,13.8931
A_server_bl_loc,bl_loc,258,100.0,109,100.0,56.8992,28.6822,14.4186
A_server_bl_loc,bl_loc,259,100.0,101,100.0,56.457,28.8079,14.7351
A_server_bl_loc,bl_loc,260,100.0,110,100.0,57.2741,28.4839,14.242
A_server_bl_loc,bl_loc,261,100.0,112,100.0,57.3311,28.5008,14.168
A_server_bl_loc,bl_loc,262,100.0,104,100.0,56.5982,28.8856,14.5161
A_server_bl_loc,bl_loc,263,100.0,87,100.0,57.6531,28.2313,14.1156
A_server_bl_loc,bl_loc,264,100.0,103,100.0,57.4335,28.482,14.0845
A_server_bl_loc,bl_loc,265,100.0,112,100.0,57.2714,28.4858,14.2429
A_server_bl_loc,bl_loc,266,100.0,105,100.0,56.406,28.9517,14.6423
A_server_bl_loc,bl_loc,267,100.0,117,100.0,57.7612,28.209,14.0299
A_server_bl_loc,bl_loc,268,100.0,126,100.0,57.2404,28.5519,14.2077
A_server_bl_loc,bl_loc,269,100.0,104,100.0,56.7901,28.7037,14.5062
A_server_bl_loc,bl_loc,270,100.0,102,100.0,57.9114,28.1646,13.9241
A_server_bl_loc,bl_loc,271,100.0,104,100.0,56.406,28.9517,14.6423
A_server_bl_loc,bl_loc,272,100.0,94,100.0,56.6445,28.9037,14.4518
A_server_bl_loc,bl_loc,273,100.0,112,100.0,57.3964,28.4024,14.2012
A_server_bl_loc,bl_loc,274,100.0,104,100.0,56.9307,28.8779,14.1914
A_server_bl_loc,bl_loc,275,100.0,116,100.0,57.9856,27.9137,14.1007
A_server_bl_loc,bl_loc,276,100.0,107,100.0,56.5978,28.9348,14.4674
A_server_bl_loc,bl_loc,277,100.0,115,100.0,57.4374,28.4242,14.1384
A_server_bl_loc,bl_loc,278,100.0,101,100.0,57.0288,28.5942,14.377
A_server_bl_loc,bl_loc,279,100.0,102,100.0,56.314,29.0102,14.6758
A_server_bl_loc,bl_loc,280,100.0,105,100.0,57.781,28.2421,13.9769
A_server_bl_loc,bl_loc,281,100.0,95,100.0,56.304,29.0155,14.6805
A_server_bl_loc,bl_loc,282,100.0,107,100.0,57.6138,28.2575,14.1287
A_server_bl_loc,bl_loc,283,100.0,103,100.0,57.0533,28.8401,14.1066
A_server_bl_loc,bl_loc,284,100.0,104,100.0,57.1667,28.3333,14.5
A_server_bl_loc,bl_loc,285,100.0,123,100.0,58.2712,28.0179,13.7109
A_server_bl_loc,bl_loc,286,100.0,99,100.0,55.4502,29.3839,15.1659
A_server_bl_loc,bl_loc,287,100.0,114,100.0,58.2569,28.1346,13.6086
A_server_bl_loc,bl_loc,288,100.0,99,100.0,56.383,28.7234,14.8936
A_server_bl_loc,bl_loc,289,100.0,116,100.0,57.4184,28.635,13.9466
A_server_bl_loc,bl_loc,290,100.0,108,100.0,57.1875,28.5938,14.2188
A_server_bl_loc,bl_loc,291,100.0,104,100.0,56.9044,28.6798,14.4158
A_server_bl_loc,bl_loc,292,100.0,114,100.0,57.7099,28.0916,14.1985
A_server_bl_loc,bl_loc,293,100.0,106,100.0,56.8289,28.8854,14.2857
A_server_bl_loc,bl_loc,294,100.0,106,100.0,57.1186,28.4746,14.4068
A_server_bl_loc,bl_loc,295,100.0,110,100.0,57.3134,28.5075,14.1791
A_server_bl_loc,bl_loc,296,100.0,94,100.0,56.4912,28.9474,14.5614
A_server_bl_loc,bl_loc,297,100.0,132,100.0,57.5246,28.27,14.2053
A_server_bl_loc,bl_loc,298,100.0,109,100.0,56.4593,29.0271,14.5136
A_server_bl_loc,bl_loc,299,100.0,105,100.0,57.074,28.6174,14.3087
A_server_bl_loc,bl_loc,300,100.0,109,100.0,57.5851,28.3282,14.0867
A_server_bl_loc,bl_loc,301,100.0,116,100.0,57.2443,28.5511,14.2045
A_server_bl_loc,bl_loc,302,100.0,108,100.0,57.188,28.594,14.218
A_server_bl_loc,bl_loc,303,100.0,90,100.0,56.8905,28.6219,14.4876
A_server_bl_loc,bl_loc,304,100.0,107,100.0,57.2115,28.5256,14.2628
A_server_bl_loc,bl_loc,305,100.0,95,100.0,57.2438,28.4452,14.311
A_server_bl_loc,bl_loc,306,100.0,98,100.0,57.047,28.6913,14.2617
A_server_bl_loc,bl_loc,307,100.0,106,100.0,57.4213,28.4858,14.093
A_server_bl_loc,bl_loc,308,100.0,108,100.0,56.8567,28.6595,14.4838
A_server_bl_loc,bl_loc,309,100.0,106,100.0,58.0093,28.1493,13.8414
A_server_bl_loc,bl_loc,310,100.0,113,100.0,57.1885,28.4345,14.377
A_server_bl_loc,bl_loc,311,100.0,112,100.0,56.5891,28.8372,14.5736
A_server_bl_loc,bl_loc,312,100.0,106,100.0,57.3374,28.593,14.0696
A_server_bl_loc,bl_loc,313,100.0,110,100.0,56.9277,28.6145,14.4578
A_server_bl_loc,bl_loc,314,100.0,105,100.0,56.6558,28.8961,14.4481
A_server_bl_loc,bl_loc,315,100.0,122,100.0,57.5221,28.3186,14.1593
A_server_bl_loc,bl_loc,316,100.0,103,100.0,56.7388,28.7854,14.4759
A_server_bl_loc,bl_loc,317,100.0,111,100.0,57.9027,28.2675,13.8298
A_server_bl_loc,bl_loc,318,100.0,117,100.0,57.1637,28.5088,14.3275
A_server_bl_loc,bl_loc,319,100.0,107,100.0,56.8536,28.8162,14.3302
A_server_bl_loc,bl_loc,320,100.0,104,100.0,57.0973,28.5486,14.3541
A_server_bl_loc,bl_loc,321,100.0,101,100.0,56.6007,28.8779,14.5215
A_server_bl_loc,bl_loc,322,100.0,108,100.0,57.8025,28.1847,14.0127
A_server_bl_loc,bl_loc,323,100.0,102,100.0,56.3725,29.085,14.5425
A_server_bl_loc,bl_loc,324,100.0,104,100.0,57.5121,28.2714,14.2165
A_server_bl_loc,bl_loc,325,100.0,111,100.0,57.2755,28.6378,14.0867
A_server_bl_loc,bl_loc,326,100.0,107,100.0,57.1649,28.3513,14.4838
A_server_bl_loc,bl_loc,327,100.0,105,100.0,56.9486,28.7009,14.3505
A_server_bl_loc,bl_loc,328,100.0,113,100.0,57.1637,28.655,14.1813
A_server_bl_loc,bl_loc,329,100.0,103,100.0,57.2881,28.4746,14.2373
A_server_bl_loc,bl_loc,330,100.0,90,100.0,57.363,28.4247,14.2123
A_server_bl_loc,bl_loc,331,100.0,111,100.0,58.0,28.0,14.0
A_server_bl_loc,bl_loc,332,100.0,103,100.0,56.1605,29.2264,14.6132
A_server_bl_loc,bl_loc,333,100.0,100,100.0,57.8859,28.1879,13.9262
A_server_bl_loc,bl_loc,334,100.0,108,100.0,56.7073,28.811,14.4817
A_server_bl_loc,bl_loc,335,100.0,116,100.0,57.5663,28.2371,14.1966
A_server_bl_loc,bl_loc,336,100.0,109,100.0,56.5217,28.9355,14.5427
A_server_bl_loc,bl_loc,337,100.0,112,100.0,57.1223,28.4892,14.3885
A_server_bl_loc,bl_loc,338,100.0,94,100.0,57.0957,28.7129,14.1914
A_server_bl_loc,bl_loc,339,100.0,123,100.0,57.4436,28.4211,14.1353
A_server_bl_loc,bl_loc,340,100.0,98,100.0,56.4626,28.7415,14.7959
A_server_bl_loc,bl_loc,341,100.0,121,100.0,57.359,28.6107,14.0303
A_server_bl_loc,bl_loc,342,100.0,111,100.0,57.1895,28.4314,14.3791
A_server_bl_loc,bl_loc,343,100.0,97,100.0,56.8218,28.8925,14.2857
A_server_bl_loc,bl_loc,344,100.0,110,100.0,58.132,27.8583,14.0097
A_server_bl_loc,bl_loc,345,100.0,103,100.0,56.7742,29.0323,14.1935
A_server_bl_loc,bl_loc,346,100.0,103,100.0,56.4228,28.7805,14.7967
A_server_bl_loc,bl_loc,347,100.0,112,100.0,58.1062,28.1205,13.7733
A_server_bl_loc,bl_loc,348,100.0,108,100.0,56.4964,28.9051,14.5985
A_server_bl_loc,bl_loc,349,100.0,109,100.0,56.6343,28.8026,14.5631
A_server_bl_loc,bl_loc,350,100.0,106,100.0,57.8711,28.1859,13.943
A_server_bl_loc,bl_loc,351,100.0,111,100.0,56.9254,28.7671,14.3075
A_server_bl_loc,bl_loc,352,100.0,108,100.0,57.4639,28.2504,14.2857
A_server_bl_loc,bl_loc,353,100.0,108,100.0,56.77,28.8744,14.3556
A_server_bl_loc,bl_loc,354,100.0,101,100.0,57.0523,28.5261,14.4216
A_server_bl_loc,bl_loc,355,100.0,98,100.0,57.2174,28.5217,14.2609
A_server_bl_loc,bl_loc,356,100.0,113,100.0,57.6696,28.3186,14.0118
A_server_bl_loc,bl_loc,357,100.0,108,100.0,57.4184,28.635,13.9466
A_server_bl_loc,bl_loc,358,100.0,93,100.0,56.0331,28.9256,15.0413
