run_id,policy,t_rel_s,n_c1_search,c1_search_viol_pct,c1_search_viol_pct_roll3,rate_kbit
B_ramp_site_s3,site_s3,0,133,0.0,0.0,
B_ramp_site_s3,site_s3,1,134,0.0,0.5051,
B_ramp_site_s3,site_s3,2,132,1.5152,0.5051,
B_ramp_site_s3,site_s3,3,134,0.0,0.5051,
B_ramp_site_s3,site_s3,4,134,0.0,0.0,
B_ramp_site_s3,site_s3,5,133,0.0,0.0,
B_ramp_site_s3,site_s3,6,132,0.0,0.0,
B_ramp_site_s3,site_s3,7,134,0.0,0.0,
B_ramp_site_s3,site_s3,8,134,0.0,0.0,
B_ramp_site_s3,site_s3,9,134,0.0,0.0,
B_ramp_site_s3,site_s3,10,132,0.0,0.5013,
B_ramp_site_s3,site_s3,11,133,1.5038,0.5013,
B_ramp_site_s3,site_s3,12,134,0.0,0.5013,
B_ramp_site_s3,site_s3,13,134,0.0,0.0,
B_ramp_site_s3,site_s3,14,133,0.0,0.0,
B_ramp_site_s3,site_s3,15,132,0.0,0.0,
B_ramp_site_s3,site_s3,16,134,0.0,0.0,
B_ramp_site_s3,site_s3,17,134,0.0,0.0,
B_ramp_site_s3,site_s3,18,134,0.0,0.0,
B_ramp_site_s3,site_s3,19,132,0.0,0.0,
B_ramp_site_s3,site_s3,20,133,0.0,0.0,
B_ramp_site_s3,site_s3,21,134,0.0,0.0,
B_ramp_site_s3,site_s3,22,134,0.0,0.0,
B_ramp_site_s3,site_s3,23,133,0.0,0.0,
B_ramp_site_s3,site_s3,24,132,0.0,0.0,
B_ramp_site_s3,site_s3,25,133,0.0,0.0,
B_ramp_site_s3,site_s3,26,135,0.0,0.0,
B_ramp_site_s3,site_s3,27,133,0.0,0.0,
B_ramp_site_s3,site_s3,28,133,0.0,0.0,
B_ramp_site_s3,site_s3,29,133,0.0,0.0,
B_ramp_site_s3,site_s3,30,134,0.0,0.0,
B_ramp_site_s3,site_s3,31,134,0.0,0.0,
B_ramp_site_s3,site_s3,32,133,0.0,0.0,
B_ramp_site_s3,site_s3,33,132,0.0,0.0,
B_ramp_site_s3,site_s3,34,133,0.0,0.0,
B_ramp_site_s3,site_s3,35,135,0.0,0.0,
B_ramp_site_s3,site_s3,36,134,0.0,0.0,
B_ramp_site_s3,site_s3,37,133,0.0,0.0,
B_ramp_site_s3,site_s3,38,132,0.0,0.0,
B_ramp_site_s3,site_s3,39,134,0.0,0.0,
B_ramp_site_s3,site_s3,40,134,0.0,0.0,
B_ramp_site_s3,site_s3,41,133,0.0,0.2525,
B_ramp_site_s3,site_s3,42,132,0.7576,0.2525,
B_ramp_site_s3,site_s3,43,133,0.0,0.2525,
B_ramp_site_s3,site_s3,44,135,0.0,0.0,
B_ramp_site_s3,site_s3,45,134,0.0,0.0,
B_ramp_site_s3,site_s3,46,132,0.0,0.0,
B_ramp_site_s3,site_s3,47,133,0.0,0.0,
B_ramp_site_s3,site_s3,48,134,0.0,0.0,
B_ramp_site_s3,site_s3,49,134,0.0,0.0,
B_ramp_site_s3,site_s3,50,133,0.0,0.0,
B_ramp_site_s3,site_s3,51,132,0.0,0.0,
B_ramp_site_s3,site_s3,52,134,0.0,0.0,
B_ramp_site_s3,site_s3,53,134,0.0,0.0,
B_ramp_site_s3,site_s3,54,134,0.0,0.0,
B_ramp_site_s3,site_s3,55,133,0.0,0.0,
B_ramp_site_s3,site_s3,56,132,0.0,0.0,
B_ramp_site_s3,site_s3,57,134,0.0,0.0,
B_ramp_site_s3,site_s3,58,134,0.0,0.0,
B_ramp_site_s3,site_s3,59,133,0.0,0.2525,
B_ramp_site_s3,site_s3,60,132,0.7576,0.2525,
B_ramp_site_s3,site_s3,61,134,0.0,0.2525,
B_ramp_site_s3,site_s3,62,134,0.0,0.0,20000
B_ramp_site_s3,site_s3,63,133,0.0,0.0,20000
B_ramp_site_s3,site_s3,64,133,0.0,0.0,20000
B_ramp_site_s3,site_s3,65,133,0.0,0.0,20000
B_ramp_site_s3,site_s3,66,134,0.0,0.0,20000
B_ramp_site_s3,site_s3,67,134,0.0,0.0,20000
B_ramp_site_s3,site_s3,68,133,0.0,0.0,20000
B_ramp_site_s3,site_s3,69,132,0.0,1.0025,20000
B_ramp_site_s3,site_s3,70,133,3.0075,1.4963,20000
B_ramp_site_s3,site_s3,71,135,1.4815,1.4963,18327
B_ramp_site_s3,site_s3,72,134,0.0,0.4938,18327
B_ramp_site_s3,site_s3,73,133,0.0,0.0,18327
B_ramp_site_s3,site_s3,74,132,0.0,0.0,18327
B_ramp_site_s3,site_s3,75,134,0.0,0.0,18327
B_ramp_site_s3,site_s3,76,134,0.0,0.0,18327
B_ramp_site_s3,site_s3,77,133,0.0,0.0,18327
B_ramp_site_s3,site_s3,78,132,0.0,0.0,18327
B_ramp_site_s3,site_s3,79,133,0.0,0.0,18327
B_ramp_site_s3,site_s3,80,135,0.0,0.0,18327
B_ramp_site_s3,site_s3,81,134,0.0,0.0,16655
B_ramp_site_s3,site_s3,82,132,0.0,0.0,16655
B_ramp_site_s3,site_s3,83,133,0.0,0.0,16655
B_ramp_site_s3,site_s3,84,134,0.0,0.0,16655
B_ramp_site_s3,site_s3,85,134,0.0,0.0,16655
B_ramp_site_s3,site_s3,86,133,0.0,0.0,16655
B_ramp_site_s3,site_s3,87,132,0.0,0.0,16655
B_ramp_site_s3,site_s3,88,133,0.0,0.0,16655
B_ramp_site_s3,site_s3,89,135,0.0,0.2506,16655
B_ramp_site_s3,site_s3,90,133,0.7519,0.2506,16655
B_ramp_site_s3,site_s3,91,133,0.0,0.2506,16655
B_ramp_site_s3,site_s3,92,133,0.0,0.0,14982
B_ramp_site_s3,site_s3,93,134,0.0,0.0,14982
B_ramp_site_s3,site_s3,94,134,0.0,0.0,14982
B_ramp_site_s3,site_s3,95,133,0.0,0.0,14982
B_ramp_site_s3,site_s3,96,132,0.0,0.0,14982
B_ramp_site_s3,site_s3,97,133,0.0,0.0,14982
B_ramp_site_s3,site_s3,98,135,0.0,0.0,14982
B_ramp_site_s3,site_s3,99,133,0.0,0.0,14982
B_ramp_site_s3,site_s3,100,133,0.0,0.0,14982
B_ramp_site_s3,site_s3,101,133,0.0,0.0,13309
B_ramp_site_s3,site_s3,102,134,0.0,0.0,13309
B_ramp_site_s3,site_s3,103,134,0.0,0.0,13309
B_ramp_site_s3,site_s3,104,133,0.0,0.0,13309
B_ramp_site_s3,site_s3,105,132,0.0,0.0,13309
B_ramp_site_s3,site_s3,106,133,0.0,0.0,13309
B_ramp_site_s3,site_s3,107,135,0.0,0.0,13309
B_ramp_site_s3,site_s3,108,133,0.0,0.0,13309
B_ramp_site_s3,site_s3,109,133,0.0,0.0,13309
B_ramp_site_s3,site_s3,110,133,0.0,0.0,13309
B_ramp_site_s3,site_s3,111,134,0.0,0.0,11636
B_ramp_site_s3,site_s3,112,134,0.0,0.0,11636
B_ramp_site_s3,site_s3,113,133,0.0,0.0,11636
B_ramp_site_s3,site_s3,114,132,0.0,0.0,11636
B_ramp_site_s3,site_s3,115,133,0.0,0.0,11636
B_ramp_site_s3,site_s3,116,135,0.0,0.0,11636
B_ramp_site_s3,site_s3,117,133,0.0,0.0,11636
B_ramp_site_s3,site_s3,118,133,0.0,0.0,11636
B_ramp_site_s3,site_s3,119,133,0.0,0.0,11636
B_ramp_site_s3,site_s3,120,134,0.0,0.0,11636
B_ramp_site_s3,site_s3,121,134,0.0,0.0,11636
B_ramp_site_s3,site_s3,122,133,0.0,0.0,9964
B_ramp_site_s3,site_s3,123,132,0.0,0.0,9964
B_ramp_site_s3,site_s3,124,133,0.0,0.0,9964
B_ramp_site_s3,site_s3,125,135,0.0,0.0,9964
B_ramp_site_s3,site_s3,126,133,0.0,0.0,9964
B_ramp_site_s3,site_s3,127,133,0.0,0.0,9964
B_ramp_site_s3,site_s3,128,133,0.0,0.0,9964
B_ramp_site_s3,site_s3,129,134,0.0,0.2506,9964
B_ramp_site_s3,site_s3,130,133,0.7519,0.2506,9964
B_ramp_site_s3,site_s3,131,134,0.0,0.7557,8291
B_ramp_site_s3,site_s3,132,132,1.5152,0.5051,8291
B_ramp_site_s3,site_s3,133,133,0.0,0.5051,8291
B_ramp_site_s3,site_s3,134,135,0.0,0.0,8291
B_ramp_site_s3,site_s3,135,133,0.0,0.0,8291
B_ramp_site_s3,site_s3,136,133,0.0,0.0,8291
B_ramp_site_s3,site_s3,137,132,0.0,0.0,8291
B_ramp_site_s3,site_s3,138,135,0.0,0.0,8291
B_ramp_site_s3,site_s3,139,133,0.0,0.2506,8291
B_ramp_site_s3,site_s3,140,133,0.7519,0.2506,8291
B_ramp_site_s3,site_s3,141,133,0.0,0.7519,6618
B_ramp_site_s3,site_s3,142,133,1.5038,0.5013,6618
B_ramp_site_s3,site_s3,143,135,0.0,0.5013,6618
B_ramp_site_s3,site_s3,144,133,0.0,0.0,6618
B_ramp_site_s3,site_s3,145,132,0.0,0.0,6618
B_ramp_site_s3,site_s3,146,133,0.0,0.0,6618
B_ramp_site_s3,site_s3,147,135,0.0,0.0,6618
B_ramp_site_s3,site_s3,148,133,0.0,0.0,6618
B_ramp_site_s3,site_s3,149,133,0.0,0.0,6618
B_ramp_site_s3,site_s3,150,132,0.0,0.2488,6618
B_ramp_site_s3,site_s3,151,134,0.7463,0.995,6618
B_ramp_site_s3,site_s3,152,134,2.2388,0.995,4945
B_ramp_site_s3,site_s3,153,133,0.0,0.7463,4945
B_ramp_site_s3,site_s3,154,133,0.0,0.0,4945
B_ramp_site_s3,site_s3,155,133,0.0,0.0,4945
B_ramp_site_s3,site_s3,156,134,0.0,0.0,4945
B_ramp_site_s3,site_s3,157,134,0.0,0.0,4945
B_ramp_site_s3,site_s3,158,133,0.0,0.0,4945
B_ramp_site_s3,site_s3,159,132,0.0,0.4975,4945
B_ramp_site_s3,site_s3,160,134,1.4925,1.4925,4945
B_ramp_site_s3,site_s3,161,134,2.9851,3.4975,3273
B_ramp_site_s3,site_s3,162,133,6.015,4.0101,3273
B_ramp_site_s3,site_s3,163,132,3.0303,5.0201,3273
B_ramp_site_s3,site_s3,164,133,6.015,4.2497,3273
B_ramp_site_s3,site_s3,165,135,3.7037,3.9915,3273
B_ramp_site_s3,site_s3,166,133,2.2556,3.2302,3273
B_ramp_site_s3,site_s3,167,134,3.7313,3.0058,3273
B_ramp_site_s3,site_s3,168,132,3.0303,3.9952,3273
B_ramp_site_s3,site_s3,169,134,5.2239,10.1305,3273
B_ramp_site_s3,site_s3,170,131,22.1374,42.4538,3273
B_ramp_site_s3,site_s3,171,133,100.0,74.0458,1600
B_ramp_site_s3,site_s3,172,132,100.0,100.0,1600
B_ramp_site_s3,site_s3,173,134,100.0,100.0,1600
B_ramp_site_s3,site_s3,174,135,100.0,100.0,1600
B_ramp_site_s3,site_s3,175,132,100.0,100.0,1600
B_ramp_site_s3,site_s3,176,133,100.0,100.0,1600
B_ramp_site_s3,site_s3,177,134,100.0,100.0,1600
B_ramp_site_s3,site_s3,178,133,100.0,100.0,1600
B_ramp_site_s3,site_s3,179,134,100.0,100.0,1600
B_ramp_site_s3,site_s3,180,133,100.0,100.0,1600
B_ramp_site_s3,site_s3,181,132,100.0,100.0,1600
B_ramp_site_s3,site_s3,182,132,100.0,100.0,1600
B_ramp_site_s3,site_s3,183,137,100.0,100.0,1600
B_ramp_site_s3,site_s3,184,133,100.0,100.0,1600
B_ramp_site_s3,site_s3,185,132,100.0,100.0,1600
B_ramp_site_s3,site_s3,186,134,100.0,100.0,1600
B_ramp_site_s3,site_s3,187,133,100.0,100.0,1600
B_ramp_site_s3,site_s3,188,134,100.0,100.0,1600
B_ramp_site_s3,site_s3,189,132,100.0,100.0,1600
B_ramp_site_s3,site_s3,190,133,100.0,100.0,1600
B_ramp_site_s3,site_s3,191,133,100.0,100.0,1600
B_ramp_site_s3,site_s3,192,136,100.0,100.0,1600
B_ramp_site_s3,site_s3,193,132,100.0,100.0,1600
B_ramp_site_s3,site_s3,194,133,100.0,100.0,1600
B_ramp_site_s3,site_s3,195,134,100.0,100.0,1600
B_ramp_site_s3,site_s3,196,133,100.0,100.0,1600
B_ramp_site_s3,site_s3,197,134,100.0,100.0,1600
B_ramp_site_s3,site_s3,198,133,100.0,100.0,1600
B_ramp_site_s3,site_s3,199,133,100.0,100.0,1600
B_ramp_site_s3,site_s3,200,132,100.0,100.0,1600
B_ramp_site_s3,site_s3,201,136,100.0,100.0,1600
B_ramp_site_s3,site_s3,202,133,100.0,100.0,1600
B_ramp_site_s3,site_s3,203,133,100.0,100.0,1600
B_ramp_site_s3,site_s3,204,133,100.0,100.0,1600
B_ramp_site_s3,site_s3,205,133,100.0,100.0,1600
B_ramp_site_s3,site_s3,206,134,100.0,100.0,1600
B_ramp_site_s3,site_s3,207,132,100.0,100.0,1600
B_ramp_site_s3,site_s3,208,133,100.0,100.0,1600
B_ramp_site_s3,site_s3,209,132,100.0,100.0,1600
B_ramp_site_s3,site_s3,210,137,100.0,100.0,1600
B_ramp_site_s3,site_s3,211,133,100.0,100.0,1600
B_ramp_site_s3,site_s3,212,132,100.0,100.0,1600
B_ramp_site_s3,site_s3,213,134,100.0,100.0,1600
B_ramp_site_s3,site_s3,214,133,100.0,100.0,1600
B_ramp_site_s3,site_s3,215,134,100.0,100.0,1600
B_ramp_site_s3,site_s3,216,132,100.0,100.0,1600
B_ramp_site_s3,site_s3,217,134,100.0,100.0,1600
B_ramp_site_s3,site_s3,218,131,100.0,100.0,1600
B_ramp_site_s3,site_s3,219,137,100.0,100.0,1600
B_ramp_site_s3,site_s3,220,132,100.0,100.0,1600
B_ramp_site_s3,site_s3,221,133,100.0,100.0,1600
B_ramp_site_s3,site_s3,222,134,100.0,100.0,1600
B_ramp_site_s3,site_s3,223,133,100.0,100.0,1600
B_ramp_site_s3,site_s3,224,134,100.0,100.0,1600
B_ramp_site_s3,site_s3,225,132,100.0,100.0,1600
B_ramp_site_s3,site_s3,226,133,100.0,100.0,1600
B_ramp_site_s3,site_s3,227,133,100.0,100.0,1600
B_ramp_site_s3,site_s3,228,136,100.0,100.0,1600
B_ramp_site_s3,site_s3,229,133,100.0,100.0,1600
B_ramp_site_s3,site_s3,230,132,100.0,100.0,1600
B_ramp_site_s3,site_s3,231,134,100.0,100.0,1600
B_ramp_site_s3,site_s3,232,133,100.0,100.0,1600
B_ramp_site_s3,site_s3,233,134,100.0,100.0,1600
B_ramp_site_s3,site_s3,234,132,100.0,100.0,1600
B_ramp_site_s3,site_s3,235,134,100.0,100.0,1600
B_ramp_site_s3,site_s3,236,132,100.0,100.0,1600
B_ramp_site_s3,site_s3,237,136,100.0,100.0,1600
B_ramp_site_s3,site_s3,238,133,100.0,100.0,1600
B_ramp_site_s3,site_s3,239,132,100.0,100.0,1600
B_ramp_site_s3,site_s3,240,134,100.0,100.0,1600
B_ramp_site_s3,site_s3,241,133,100.0,100.0,1600
B_ramp_site_s3,site_s3,242,134,100.0,100.0,1600
B_ramp_site_s3,site_s3,243,133,100.0,100.0,1600
B_ramp_site_s3,site_s3,244,132,100.0,100.0,1600
B_ramp_site_s3,site_s3,245,133,100.0,100.0,1600
B_ramp_site_s3,site_s3,246,136,100.0,100.0,1600
B_ramp_site_s3,site_s3,247,132,100.0,100.0,1600
B_ramp_site_s3,site_s3,248,133,100.0,100.0,1600
B_ramp_site_s3,site_s3,249,134,100.0,100.0,1600
B_ramp_site_s3,site_s3,250,133,100.0,100.0,1600
B_ramp_site_s3,site_s3,251,134,100.0,100.0,1600
B_ramp_site_s3,site_s3,252,133,100.0,100.0,1600
B_ramp_site_s3,site_s3,253,132,100.0,100.0,1600
B_ramp_site_s3,site_s3,254,133,100.0,100.0,1600
B_ramp_site_s3,site_s3,255,136,100.0,100.0,1600
B_ramp_site_s3,site_s3,256,133,100.0,100.0,1600
B_ramp_site_s3,site_s3,257,132,100.0,100.0,1600
B_ramp_site_s3,site_s3,258,134,100.0,100.0,1600
B_ramp_site_s3,site_s3,259,133,100.0,100.0,1600
B_ramp_site_s3,site_s3,260,134,100.0,100.0,1600
B_ramp_site_s3,site_s3,261,133,100.0,100.0,1600
B_ramp_site_s3,site_s3,262,133,100.0,100.0,1600
B_ramp_site_s3,site_s3,263,131,100.0,100.0,1600
B_ramp_site_s3,site_s3,264,137,100.0,100.0,1600
B_ramp_site_s3,site_s3,265,132,100.0,100.0,1600
B_ramp_site_s3,site_s3,266,133,100.0,100.0,1600
B_ramp_site_s3,site_s3,267,134,100.0,100.0,1600
B_ramp_site_s3,site_s3,268,133,100.0,100.0,1600
B_ramp_site_s3,site_s3,269,134,100.0,100.0,1600
B_ramp_site_s3,site_s3,270,132,100.0,100.0,1600
B_ramp_site_s3,site_s3,271,134,100.0,100.0,1600
B_ramp_site_s3,site_s3,272,132,100.0,100.0,1600
B_ramp_site_s3,site_s3,273,136,100.0,100.0,1600
B_ramp_site_s3,site_s3,274,132,100.0,100.0,1600
B_ramp_site_s3,site_s3,275,133,100.0,100.0,1600
B_ramp_site_s3,site_s3,276,134,100.0,100.0,1600
B_ramp_site_s3,site_s3,277,133,100.0,100.0,1600
B_ramp_site_s3,site_s3,278,134,100.0,100.0,1600
B_ramp_site_s3,site_s3,279,133,100.0,100.0,1600
B_ramp_site_s3,site_s3,280,133,100.0,100.0,1600
B_ramp_site_s3,site_s3,281,132,100.0,100.0,1600
B_ramp_site_s3,site_s3,282,136,100.0,100.0,1600
B_ramp_site_s3,site_s3,283,133,100.0,100.0,1600
B_ramp_site_s3,site_s3,284,132,100.0,100.0,1600
B_ramp_site_s3,site_s3,285,134,100.0,100.0,1600
B_ramp_site_s3,site_s3,286,133,100.0,100.0,1600
B_ramp_site_s3,site_s3,287,134,100.0,100.0,1600
B_ramp_site_s3,site_s3,288,133,100.0,100.0,1600
B_ramp_site_s3,site_s3,289,132,100.0,100.0,1600
B_ramp_site_s3,site_s3,290,132,100.0,100.0,1600
B_ramp_site_s3,site_s3,291,137,100.0,100.0,1600
B_ramp_site_s3,site_s3,292,132,100.0,100.0,1600
B_ramp_site_s3,site_s3,293,133,100.0,100.0,1600
B_ramp_site_s3,site_s3,294,134,100.0,100.0,1600
B_ramp_site_s3,site_s3,295,133,100.0,100.0,1600
B_ramp_site_s3,site_s3,296,134,100.0,100.0,1600
B_ramp_site_s3,site_s3,297,133,100.0,100.0,1600
B_ramp_site_s3,site_s3,298,133,100.0,100.0,1600
B_ramp_site_s3,site_s3,299,131,100.0,88.729,1600
B_ramp_site_s3,site_s3,300,139,66.1871,56.3833,1600
B_ramp_site_s3,site_s3,301,135,2.963,23.2988,1600
B_ramp_site_s3,site_s3,302,134,0.7463,1.2364,1600
B_ramp_site_s3,site_s3,303,131,0.0,0.2488,1600
B_ramp_site_s3,site_s3,304,134,0.0,0.0,1600
B_ramp_site_s3,site_s3,305,134,0.0,0.0,1600
B_ramp_site_s3,site_s3,306,134,0.0,0.0,1600
B_ramp_site_s3,site_s3,307,133,0.0,0.0,1600
B_ramp_site_s3,site_s3,308,132,0.0,0.0,1600
B_ramp_site_s3,site_s3,309,135,0.0,0.0,1600
B_ramp_site_s3,site_s3,310,133,0.0,0.2506,1600
B_ramp_site_s3,site_s3,311,133,0.7519,0.2506,1600
B_ramp_site_s3,site_s3,312,133,0.0,0.2506,1600
B_ramp_site_s3,site_s3,313,133,0.0,0.0,1600
B_ramp_site_s3,site_s3,314,134,0.0,0.0,1600
B_ramp_site_s3,site_s3,315,134,0.0,0.0,1600
B_ramp_site_s3,site_s3,316,132,0.0,0.0,1600
B_ramp_site_s3,site_s3,317,133,0.0,0.0,1600
B_ramp_site_s3,site_s3,318,134,0.0,0.0,1600
B_ramp_site_s3,site_s3,319,134,0.0,0.0,1600
B_ramp_site_s3,site_s3,320,133,0.0,0.0,1600
B_ramp_site_s3,site_s3,321,133,0.0,0.2506,1600
B_ramp_site_s3,site_s3,322,133,0.7519,0.2506,1600
B_ramp_site_s3,site_s3,323,134,0.0,0.2506,1600
B_ramp_site_s3,site_s3,324,134,0.0,0.0,1600
B_ramp_site_s3,site_s3,325,133,0.0,0.0,1600
B_ramp_site_s3,site_s3,326,132,0.0,0.0,1600
B_ramp_site_s3,site_s3,327,135,0.0,0.0,1600
B_ramp_site_s3,site_s3,328,133,0.0,0.0,1600
B_ramp_site_s3,site_s3,329,133,0.0,0.0,1600
B_ramp_site_s3,site_s3,330,132,0.0,0.0,1600
B_ramp_site_s3,site_s3,331,134,0.0,0.2488,1600
B_ramp_site_s3,site_s3,332,134,0.7463,0.7463,1600
B_ramp_site_s3,site_s3,333,134,1.4925,0.7463,1600
B_ramp_site_s3,site_s3,334,133,0.0,0.4975,1600
B_ramp_site_s3,site_s3,335,132,0.0,0.0,1600
B_ramp_site_s3,site_s3,336,135,0.0,0.0,1600
B_ramp_site_s3,site_s3,337,133,0.0,0.0,1600
B_ramp_site_s3,site_s3,338,134,0.0,0.0,1600
B_ramp_site_s3,site_s3,339,131,0.0,0.0,1600
B_ramp_site_s3,site_s3,340,134,0.0,0.0,1600
B_ramp_site_s3,site_s3,341,134,0.0,0.0,1600
B_ramp_site_s3,site_s3,342,134,0.0,0.0,1600
B_ramp_site_s3,site_s3,343,133,0.0,0.0,1600
B_ramp_site_s3,site_s3,344,132,0.0,0.0,1600
B_ramp_site_s3,site_s3,345,134,0.0,0.0,1600
B_ramp_site_s3,site_s3,346,134,0.0,0.0,1600
B_ramp_site_s3,site_s3,347,133,0.0,0.0,1600
B_ramp_site_s3,site_s3,348,133,0.0,0.0,1600
B_ramp_site_s3,site_s3,349,133,0.0,0.0,1600
B_ramp_site_s3,site_s3,350,134,0.0,0.0,1600
B_ramp_site_s3,site_s3,351,134,0.0,0.0,1600
B_ramp_site_s3,site_s3,352,133,0.0,0.0,1600
B_ramp_site_s3,site_s3,353,132,0.0,0.0,1600
B_ramp_site_s3,site_s3,354,134,0.0,0.0,1600
B_ramp_site_s3,site_s3,355,134,0.0,0.0,1600
B_ramp_site_s3,site_s3,356,133,0.0,0.0,1600
B_ramp_site_s3,site_s3,357,132,0.0,0.0,1600
B_ramp_site_s3,site_s3,358,134,0.0,0.0,1600
B_ramp_bl_rr,bl_rr,0,135,7.4074,5.9938,
B_ramp_bl_rr,bl_rr,1,131,4.5802,7.7837,
B_ramp_bl_rr,bl_rr,2,132,11.3636,9.7922,
B_ramp_bl_rr,bl_rr,3,134,13.4328,11.942,
B_ramp_bl_rr,bl_rr,4,136,11.0294,9.6578,
B_ramp_bl_rr,bl_rr,5,133,4.5113,7.4703,
B_ramp_bl_rr,bl_rr,6,131,6.8702,6.0326,
B_ramp_bl_rr,bl_rr,7,134,6.7164,5.5239,
B_ramp_bl_rr,bl_rr,8,134,2.9851,4.7153,
B_ramp_bl_rr,bl_rr,9,135,4.4444,4.7666,
B_ramp_bl_rr,bl_rr,10,131,6.8702,5.5392,
B_ramp_bl_rr,bl_rr,11,132,5.303,8.2866,
B_ramp_bl_rr,bl_rr,12,134,12.6866,8.7126,
B_ramp_bl_rr,bl_rr,13,135,8.1481,9.4325,
B_ramp_bl_rr,bl_rr,14,134,7.4627,6.9848,
B_ramp_bl_rr,bl_rr,15,131,5.3435,6.0364,
B_ramp_bl_rr,bl_rr,16,132,5.303,7.9606,
B_ramp_bl_rr,bl_rr,17,136,13.2353,7.9078,
B_ramp_bl_rr,bl_rr,18,135,5.1852,7.9213,
B_ramp_bl_rr,bl_rr,19,131,5.3435,5.5298,
B_ramp_bl_rr,bl_rr,20,132,6.0606,5.0545,
B_ramp_bl_rr,bl_rr,21,133,3.7594,7.6529,
B_ramp_bl_rr,bl_rr,22,137,13.1387,7.8883,
B_ramp_bl_rr,bl_rr,23,133,6.7669,8.4029,
B_ramp_bl_rr,bl_rr,24,132,5.303,6.0283,
B_ramp_bl_rr,bl_rr,25,133,6.015,6.0115,
B_ramp_bl_rr,bl_rr,26,134,6.7164,9.1821,
B_ramp_bl_rr,bl_rr,27,135,14.8148,10.4599,
B_ramp_bl_rr,bl_rr,28,132,9.8485,10.0023,
B_ramp_bl_rr,bl_rr,29,131,5.3435,6.5678,
B_ramp_bl_rr,bl_rr,30,133,4.5113,4.9881,
B_ramp_bl_rr,bl_rr,31,137,5.1095,5.2271,
B_ramp_bl_rr,bl_rr,32,132,6.0606,5.979,
B_ramp_bl_rr,bl_rr,33,133,6.7669,6.8204,
B_ramp_bl_rr,bl_rr,34,131,7.6336,7.9864,
B_ramp_bl_rr,bl_rr,35,136,9.5588,11.0338,
B_ramp_bl_rr,bl_rr,36,132,15.9091,10.2306,
B_ramp_bl_rr,bl_rr,37,134,5.2239,11.8062,
B_ramp_bl_rr,bl_rr,38,133,14.2857,8.0183,
B_ramp_bl_rr,bl_rr,39,132,4.5455,8.2235,
B_ramp_bl_rr,bl_rr,40,137,5.8394,4.7242,
B_ramp_bl_rr,bl_rr,41,132,3.7879,5.4647,
B_ramp_bl_rr,bl_rr,42,133,6.7669,6.5033,
B_ramp_bl_rr,bl_rr,43,134,8.9552,7.0084,
B_ramp_bl_rr,bl_rr,44,132,5.303,8.6743,
B_ramp_bl_rr,bl_rr,45,136,11.7647,7.7094,
B_ramp_bl_rr,bl_rr,46,132,6.0606,7.7229,
B_ramp_bl_rr,bl_rr,47,131,5.3435,6.0402,
B_ramp_bl_rr,bl_rr,48,134,6.7164,6.9612,
B_ramp_bl_rr,bl_rr,49,136,8.8235,12.2507,
B_ramp_bl_rr,bl_rr,50,132,21.2121,12.5564,
B_ramp_bl_rr,bl_rr,51,131,7.6336,14.5535,
B_ramp_bl_rr,bl_rr,52,135,14.8148,8.9866,
B_ramp_bl_rr,bl_rr,53,133,4.5113,7.9126,
B_ramp_bl_rr,bl_rr,54,136,4.4118,3.4794,
B_ramp_bl_rr,bl_rr,55,132,1.5152,3.5024,
B_ramp_bl_rr,bl_rr,56,131,4.5802,3.5355,
B_ramp_bl_rr,bl_rr,57,133,4.5113,5.7069,
B_ramp_bl_rr,bl_rr,58,137,8.0292,7.463,
B_ramp_bl_rr,bl_rr,59,132,9.8485,9.2174,
B_ramp_bl_rr,bl_rr,60,133,9.7744,13.3079,
B_ramp_bl_rr,bl_rr,61,133,20.3008,13.7564,
B_ramp_bl_rr,bl_rr,62,134,11.194,12.7205,20000
B_ramp_bl_rr,bl_rr,63,135,6.6667,8.2263,20000
B_ramp_bl_rr,bl_rr,64,132,6.8182,5.7672,20000
B_ramp_bl_rr,bl_rr,65,131,3.8168,3.7956,20000
B_ramp_bl_rr,bl_rr,66,133,0.7519,4.9543,20000
B_ramp_bl_rr,bl_rr,67,136,10.2941,4.6845,20000
B_ramp_bl_rr,bl_rr,68,133,3.0075,7.1908,20000
B_ramp_bl_rr,bl_rr,69,133,8.2707,6.015,20000
B_ramp_bl_rr,bl_rr,70,133,6.7669,6.2563,20000
B_ramp_bl_rr,bl_rr,71,134,3.7313,7.697,18327
B_ramp_bl_rr,bl_rr,72,135,12.5926,7.4615,18327
B_ramp_bl_rr,bl_rr,73,132,6.0606,9.2947,18327
B_ramp_bl_rr,bl_rr,74,130,9.2308,9.0772,18327
B_ramp_bl_rr,bl_rr,75,134,11.9403,9.2468,18327
B_ramp_bl_rr,bl_rr,76,137,6.5693,9.1774,18327
B_ramp_bl_rr,bl_rr,77,133,9.0226,6.9517,18327
B_ramp_bl_rr,bl_rr,78,133,5.2632,7.5397,18327
B_ramp_bl_rr,bl_rr,79,132,8.3333,6.0247,18327
B_ramp_bl_rr,bl_rr,80,134,4.4776,7.4802,18327
B_ramp_bl_rr,bl_rr,81,135,9.6296,8.9953,16655
B_ramp_bl_rr,bl_rr,82,132,12.8788,8.5206,16655
B_ramp_bl_rr,bl_rr,83,131,3.0534,7.5495,16655
B_ramp_bl_rr,bl_rr,84,134,6.7164,6.9331,16655
B_ramp_bl_rr,bl_rr,85,136,11.0294,9.9557,16655
B_ramp_bl_rr,bl_rr,86,132,12.1212,9.4713,16655
B_ramp_bl_rr,bl_rr,87,133,5.2632,8.32,16655
B_ramp_bl_rr,bl_rr,88,132,7.5758,6.008,16655
B_ramp_bl_rr,bl_rr,89,135,5.1852,6.7412,16655
B_ramp_bl_rr,bl_rr,90,134,7.4627,5.9836,16655
B_ramp_bl_rr,bl_rr,91,132,5.303,8.2956,16655
B_ramp_bl_rr,bl_rr,92,132,12.1212,11.0712,14982
B_ramp_bl_rr,bl_rr,93,133,15.7895,12.2447,14982
B_ramp_bl_rr,bl_rr,94,136,8.8235,11.9357,14982
B_ramp_bl_rr,bl_rr,95,134,11.194,8.7081,14982
B_ramp_bl_rr,bl_rr,96,131,6.1069,9.2757,14982
B_ramp_bl_rr,bl_rr,97,133,10.5263,7.5197,14982
B_ramp_bl_rr,bl_rr,98,135,5.9259,7.7063,14982
B_ramp_bl_rr,bl_rr,99,135,6.6667,5.7242,14982
B_ramp_bl_rr,bl_rr,100,131,4.5802,7.0071,14982
B_ramp_bl_rr,bl_rr,101,133,9.7744,10.5929,13309
B_ramp_bl_rr,bl_rr,102,132,17.4242,12.7159,13309
B_ramp_bl_rr,bl_rr,103,137,10.9489,12.0022,13309
B_ramp_bl_rr,bl_rr,104,131,7.6336,8.9305,13309
B_ramp_bl_rr,bl_rr,105,134,8.209,8.3112,13309
B_ramp_bl_rr,bl_rr,106,132,9.0909,7.7419,13309
B_ramp_bl_rr,bl_rr,107,135,5.9259,7.9686,13309
B_ramp_bl_rr,bl_rr,108,135,8.8889,6.2303,13309
B_ramp_bl_rr,bl_rr,109,129,3.876,8.7326,13309
B_ramp_bl_rr,bl_rr,110,134,13.4328,7.7449,13309
B_ramp_bl_rr,bl_rr,111,135,5.9259,9.169,11636
B_ramp_bl_rr,bl_rr,112,135,8.1481,7.7217,11636
B_ramp_bl_rr,bl_rr,113,132,9.0909,7.7666,11636
B_ramp_bl_rr,bl_rr,114,132,6.0606,9.2794,11636
B_ramp_bl_rr,bl_rr,115,134,12.6866,10.0085,11636
B_ramp_bl_rr,bl_rr,116,133,11.2782,10.4758,11636
B_ramp_bl_rr,bl_rr,117,134,7.4627,10.1229,11636
B_ramp_bl_rr,bl_rr,118,129,11.6279,10.0132,11636
B_ramp_bl_rr,bl_rr,119,137,10.9489,10.5331,11636
B_ramp_bl_rr,bl_rr,120,133,9.0226,9.6201,11636
B_ramp_bl_rr,bl_rr,121,135,8.8889,11.526,11636
B_ramp_bl_rr,bl_rr,122,132,16.6667,10.2598,9964
B_ramp_bl_rr,bl_rr,123,134,5.2239,9.5696,9964
B_ramp_bl_rr,bl_rr,124,132,6.8182,6.5016,9964
B_ramp_bl_rr,bl_rr,125,134,7.4627,7.9941,9964
B_ramp_bl_rr,bl_rr,126,134,9.7015,8.4577,9964
B_ramp_bl_rr,bl_rr,127,134,8.209,9.0236,9964
B_ramp_bl_rr,bl_rr,128,131,9.1603,11.5978,9964
B_ramp_bl_rr,bl_rr,129,132,17.4242,13.971,9964
B_ramp_bl_rr,bl_rr,130,137,15.3285,13.6745,9964
B_ramp_bl_rr,bl_rr,131,133,8.2707,11.8764,8291
B_ramp_bl_rr,bl_rr,132,133,12.0301,12.7371,8291
B_ramp_bl_rr,bl_rr,133,134,17.9104,11.7479,8291
B_ramp_bl_rr,bl_rr,134,132,5.303,10.7229,8291
B_ramp_bl_rr,bl_rr,135,134,8.9552,9.0134,8291
B_ramp_bl_rr,bl_rr,136,133,12.782,11.5387,8291
B_ramp_bl_rr,bl_rr,137,132,12.8788,11.8117,8291
B_ramp_bl_rr,bl_rr,138,133,9.7744,9.2668,8291
B_ramp_bl_rr,bl_rr,139,136,5.1471,7.4801,8291
B_ramp_bl_rr,bl_rr,140,133,7.5188,7.7573,8291
B_ramp_bl_rr,bl_rr,141,132,10.6061,15.6376,6618
B_ramp_bl_rr,bl_rr,142,132,28.7879,17.8227,6618
B_ramp_bl_rr,bl_rr,143,135,14.0741,15.7688,6618
B_ramp_bl_rr,bl_rr,144,135,4.4444,8.7174,6618
B_ramp_bl_rr,bl_rr,145,131,7.6336,7.0335,6618
B_ramp_bl_rr,bl_rr,146,133,9.0226,6.5397,6618
B_ramp_bl_rr,bl_rr,147,135,2.963,5.7365,6618
B_ramp_bl_rr,bl_rr,148,134,5.2239,5.0017,6618
B_ramp_bl_rr,bl_rr,149,132,6.8182,6.2697,6618
B_ramp_bl_rr,bl_rr,150,133,6.7669,8.8541,6618
B_ramp_bl_rr,bl_rr,151,131,12.9771,11.7284,6618
B_ramp_bl_rr,bl_rr,152,136,15.4412,12.9815,4945
B_ramp_bl_rr,bl_rr,153,133,10.5263,13.1334,4945
B_ramp_bl_rr,bl_rr,154,134,13.4328,11.5761,4945
B_ramp_bl_rr,bl_rr,155,130,10.7692,10.2896,4945
B_ramp_bl_rr,bl_rr,156,135,6.6667,9.2688,4945
B_ramp_bl_rr,bl_rr,157,135,10.3704,9.1358,4945
B_ramp_bl_rr,bl_rr,158,135,10.3704,10.9848,4945
B_ramp_bl_rr,bl_rr,159,131,12.2137,11.5381,4945
B_ramp_bl_rr,bl_rr,160,133,12.0301,14.3469,4945
B_ramp_bl_rr,bl_rr,161,133,18.797,19.6584,3273
B_ramp_bl_rr,bl_rr,162,135,28.1481,22.5186,3273
B_ramp_bl_rr,bl_rr,163,131,20.6107,23.0199,3273
B_ramp_bl_rr,bl_rr,164,133,20.3008,22.8411,3273
B_ramp_bl_rr,bl_rr,165,134,27.6119,22.3907,3273
B_ramp_bl_rr,bl_rr,166,135,19.2593,22.494,3273
B_ramp_bl_rr,bl_rr,167,131,20.6107,18.969,3273
B_ramp_bl_rr,bl_rr,168,135,17.037,17.8928,3273
B_ramp_bl_rr,bl_rr,169,131,16.0305,20.797,3273
B_ramp_bl_rr,bl_rr,170,133,29.3233,34.5209,3273
B_ramp_bl_rr,bl_rr,171,134,58.209,49.7288,1600
B_ramp_bl_rr,bl_rr,172,133,61.6541,59.002,1600
B_ramp_bl_rr,bl_rr,173,133,57.1429,60.9023,1600
B_ramp_bl_rr,bl_rr,174,133,63.9098,58.7588,1600
B_ramp_bl_rr,bl_rr,175,134,55.2239,60.1092,1600
B_ramp_bl_rr,bl_rr,176,134,61.194,60.5231,1600
B_ramp_bl_rr,bl_rr,177,132,65.1515,61.5182,1600
B_ramp_bl_rr,bl_rr,178,134,58.209,60.7719,1600
B_ramp_bl_rr,bl_rr,179,134,58.9552,60.9453,1600
B_ramp_bl_rr,bl_rr,180,134,65.6716,61.6441,1600
B_ramp_bl_rr,bl_rr,181,131,60.3053,63.9676,1600
B_ramp_bl_rr,bl_rr,182,135,65.9259,62.5899,1600
B_ramp_bl_rr,bl_rr,183,130,61.5385,63.4758,1600
B_ramp_bl_rr,bl_rr,184,135,62.963,62.982,1600
B_ramp_bl_rr,bl_rr,185,135,64.4444,61.9136,1600
B_ramp_bl_rr,bl_rr,186,132,58.3333,61.7279,1600
B_ramp_bl_rr,bl_rr,187,133,62.406,59.1519,1600
B_ramp_bl_rr,bl_rr,188,134,56.7164,58.226,1600
B_ramp_bl_rr,bl_rr,189,135,55.5556,56.2535,1600
B_ramp_bl_rr,bl_rr,190,131,56.4885,56.9998,1600
B_ramp_bl_rr,bl_rr,191,134,58.9552,61.3668,1600
B_ramp_bl_rr,bl_rr,192,134,68.6567,62.3368,1600
B_ramp_bl_rr,bl_rr,193,133,59.3985,60.2289,1600
B_ramp_bl_rr,bl_rr,194,133,52.6316,57.3935,1600
B_ramp_bl_rr,bl_rr,195,133,60.1504,57.2457,1600
B_ramp_bl_rr,bl_rr,196,134,58.9552,58.4989,1600
B_ramp_bl_rr,bl_rr,197,133,56.391,58.4989,1600
B_ramp_bl_rr,bl_rr,198,133,60.1504,58.8972,1600
B_ramp_bl_rr,bl_rr,199,133,60.1504,61.742,1600
B_ramp_bl_rr,bl_rr,200,134,64.9254,63.9141,1600
B_ramp_bl_rr,bl_rr,201,132,66.6667,63.3702,1600
B_ramp_bl_rr,bl_rr,202,135,58.5185,62.1264,1600
B_ramp_bl_rr,bl_rr,203,134,61.194,60.6113,1600
B_ramp_bl_rr,bl_rr,204,132,62.1212,61.8458,1600
B_ramp_bl_rr,bl_rr,205,135,62.2222,62.4074,1600
B_ramp_bl_rr,bl_rr,206,132,62.8788,59.8595,1600
B_ramp_bl_rr,bl_rr,207,134,54.4776,58.1664,1600
B_ramp_bl_rr,bl_rr,208,133,57.1429,56.9038,1600
B_ramp_bl_rr,bl_rr,209,132,59.0909,61.9545,1600
B_ramp_bl_rr,bl_rr,210,135,69.6296,61.3148,1600
B_ramp_bl_rr,bl_rr,211,134,55.2239,63.335,1600
B_ramp_bl_rr,bl_rr,212,132,65.1515,57.669,1600
B_ramp_bl_rr,bl_rr,213,133,52.6316,60.0018,1600
B_ramp_bl_rr,bl_rr,214,135,62.2222,55.2038,1600
B_ramp_bl_rr,bl_rr,215,132,50.7576,56.3166,1600
B_ramp_bl_rr,bl_rr,216,134,55.9701,56.3779,1600
B_ramp_bl_rr,bl_rr,217,133,62.406,60.2607,1600
B_ramp_bl_rr,bl_rr,218,133,62.406,62.9073,1600
B_ramp_bl_rr,bl_rr,219,133,63.9098,61.2595,1600
B_ramp_bl_rr,bl_rr,220,134,57.4627,60.358,1600
B_ramp_bl_rr,bl_rr,221,134,59.7015,59.5093,1600
B_ramp_bl_rr,bl_rr,222,132,61.3636,59.3674,1600
B_ramp_bl_rr,bl_rr,223,135,57.037,59.9214,1600
B_ramp_bl_rr,bl_rr,224,132,61.3636,59.1186,1600
B_ramp_bl_rr,bl_rr,225,134,58.9552,57.5305,1600
B_ramp_bl_rr,bl_rr,226,132,52.2727,57.0255,1600
B_ramp_bl_rr,bl_rr,227,132,59.8485,57.6207,1600
B_ramp_bl_rr,bl_rr,228,135,60.7407,59.9495,1600
B_ramp_bl_rr,bl_rr,229,135,59.2593,59.2982,1600
B_ramp_bl_rr,bl_rr,230,133,57.8947,59.5059,1600
B_ramp_bl_rr,bl_rr,231,132,61.3636,63.4565,1600
B_ramp_bl_rr,bl_rr,232,135,71.1111,65.4615,1600
B_ramp_bl_rr,bl_rr,233,133,63.9098,64.9565,1600
B_ramp_bl_rr,bl_rr,234,132,59.8485,62.556,1600
B_ramp_bl_rr,bl_rr,235,133,63.9098,60.6557,1600
B_ramp_bl_rr,bl_rr,236,134,58.209,59.7539,1600
B_ramp_bl_rr,bl_rr,237,133,57.1429,58.5007,1600
B_ramp_bl_rr,bl_rr,238,133,60.1504,61.1529,1600
B_ramp_bl_rr,bl_rr,239,133,66.1654,62.3522,1600
B_ramp_bl_rr,bl_rr,240,135,60.7407,62.3522,1600
B_ramp_bl_rr,bl_rr,241,133,60.1504,63.8559,1600
B_ramp_bl_rr,bl_rr,242,133,70.6767,64.007,1600
B_ramp_bl_rr,bl_rr,243,134,61.194,63.1877,1600
B_ramp_bl_rr,bl_rr,244,130,57.6923,59.9719,1600
B_ramp_bl_rr,bl_rr,245,136,61.0294,57.8696,1600
B_ramp_bl_rr,bl_rr,246,133,54.8872,57.0468,1600
B_ramp_bl_rr,bl_rr,247,134,55.2239,57.6633,1600
B_ramp_bl_rr,bl_rr,248,132,62.8788,62.0044,1600
B_ramp_bl_rr,bl_rr,249,134,67.9104,62.7506,1600
B_ramp_bl_rr,bl_rr,250,134,57.4627,62.3424,1600
B_ramp_bl_rr,bl_rr,251,133,61.6541,63.5151,1600
B_ramp_bl_rr,bl_rr,252,133,71.4286,66.9977,1600
B_ramp_bl_rr,bl_rr,253,134,67.9104,67.499,1600
B_ramp_bl_rr,bl_rr,254,133,63.1579,61.7346,1600
B_ramp_bl_rr,bl_rr,255,133,54.1353,57.1224,1600
B_ramp_bl_rr,bl_rr,256,135,54.0741,56.7769,1600
B_ramp_bl_rr,bl_rr,257,132,62.1212,59.7194,1600
B_ramp_bl_rr,bl_rr,258,135,62.963,60.6341,1600
B_ramp_bl_rr,bl_rr,259,132,56.8182,61.3201,1600
B_ramp_bl_rr,bl_rr,260,134,64.1791,62.6382,1600
B_ramp_bl_rr,bl_rr,261,133,66.9173,64.8184,1600
B_ramp_bl_rr,bl_rr,262,131,63.3588,61.697,1600
B_ramp_bl_rr,bl_rr,263,135,54.8148,57.8255,1600
B_ramp_bl_rr,bl_rr,264,132,55.303,56.9529,1600
B_ramp_bl_rr,bl_rr,265,135,60.7407,60.4858,1600
B_ramp_bl_rr,bl_rr,266,133,65.4135,62.0009,1600
B_ramp_bl_rr,bl_rr,267,132,59.8485,62.5873,1600
B_ramp_bl_rr,bl_rr,268,136,62.5,61.3342,1600
B_ramp_bl_rr,bl_rr,269,133,61.6541,60.5389,1600
B_ramp_bl_rr,bl_rr,270,134,57.4627,59.4026,1600
B_ramp_bl_rr,bl_rr,271,132,59.0909,62.5153,1600
B_ramp_bl_rr,bl_rr,272,131,70.9924,63.6618,1600
B_ramp_bl_rr,bl_rr,273,133,60.9023,63.0825,1600
B_ramp_bl_rr,bl_rr,274,136,57.3529,58.1838,1600
B_ramp_bl_rr,bl_rr,275,135,56.2963,58.7482,1600
B_ramp_bl_rr,bl_rr,276,131,62.5954,61.7699,1600
B_ramp_bl_rr,bl_rr,277,134,66.4179,64.809,1600
B_ramp_bl_rr,bl_rr,278,133,65.4135,64.5906,1600
B_ramp_bl_rr,bl_rr,279,134,61.9403,58.6129,1600
B_ramp_bl_rr,bl_rr,280,132,48.4848,57.7039,1600
B_ramp_bl_rr,bl_rr,281,134,62.6866,58.3604,1600
B_ramp_bl_rr,bl_rr,282,133,63.9098,61.458,1600
B_ramp_bl_rr,bl_rr,283,135,57.7778,60.5625,1600
B_ramp_bl_rr,bl_rr,284,130,60.0,57.6672,1600
B_ramp_bl_rr,bl_rr,285,134,55.2239,59.8894,1600
B_ramp_bl_rr,bl_rr,286,135,64.4444,59.0437,1600
B_ramp_bl_rr,bl_rr,287,134,57.4627,60.2875,1600
B_ramp_bl_rr,bl_rr,288,134,58.9552,61.7067,1600
B_ramp_bl_rr,bl_rr,289,131,68.7023,64.1064,1600
B_ramp_bl_rr,bl_rr,290,133,64.6617,64.2541,1600
B_ramp_bl_rr,bl_rr,291,133,59.3985,61.6003,1600
B_ramp_bl_rr,bl_rr,292,135,60.7407,57.9569,1600
B_ramp_bl_rr,bl_rr,293,134,53.7313,55.7146,1600
B_ramp_bl_rr,bl_rr,294,131,52.6718,56.9492,1600
B_ramp_bl_rr,bl_rr,295,135,64.4444,62.1731,1600
B_ramp_bl_rr,bl_rr,296,134,69.403,67.7501,1600
B_ramp_bl_rr,bl_rr,297,134,69.403,66.8793,1600
B_ramp_bl_rr,bl_rr,298,131,61.8321,63.745,1600
B_ramp_bl_rr,bl_rr,299,135,60.0,56.1662,1600
B_ramp_bl_rr,bl_rr,300,135,46.6667,37.5163,1600
B_ramp_bl_rr,bl_rr,301,136,5.8824,20.2732,1600
B_ramp_bl_rr,bl_rr,302,133,8.2707,6.2328,1600
B_ramp_bl_rr,bl_rr,303,132,4.5455,7.0498,1600
B_ramp_bl_rr,bl_rr,304,132,8.3333,7.7755,1600
B_ramp_bl_rr,bl_rr,305,134,10.4478,9.6917,1600
B_ramp_bl_rr,bl_rr,306,136,10.2941,11.7486,1600
B_ramp_bl_rr,bl_rr,307,131,14.5038,10.5387,1600
B_ramp_bl_rr,bl_rr,308,132,6.8182,8.5999,1600
B_ramp_bl_rr,bl_rr,309,134,4.4776,6.9515,1600
B_ramp_bl_rr,bl_rr,310,136,9.5588,6.4332,1600
B_ramp_bl_rr,bl_rr,311,133,5.2632,7.971,1600
B_ramp_bl_rr,bl_rr,312,132,9.0909,7.5625,1600
B_ramp_bl_rr,bl_rr,313,132,8.3333,6.7957,1600
B_ramp_bl_rr,bl_rr,314,135,2.963,5.9877,1600
B_ramp_bl_rr,bl_rr,315,135,6.6667,5.4826,1600
B_ramp_bl_rr,bl_rr,316,132,6.8182,7.5253,1600
B_ramp_bl_rr,bl_rr,317,132,9.0909,7.0707,1600
B_ramp_bl_rr,bl_rr,318,132,5.303,7.0039,1600
B_ramp_bl_rr,bl_rr,319,136,6.6176,7.733,1600
B_ramp_bl_rr,bl_rr,320,133,11.2782,8.238,1600
B_ramp_bl_rr,bl_rr,321,132,6.8182,11.256,1600
B_ramp_bl_rr,bl_rr,322,134,15.6716,10.2329,1600
B_ramp_bl_rr,bl_rr,323,134,8.209,10.1824,1600
B_ramp_bl_rr,bl_rr,324,135,6.6667,6.9787,1600
B_ramp_bl_rr,bl_rr,325,132,6.0606,5.5147,1600
B_ramp_bl_rr,bl_rr,326,131,3.8168,5.2678,1600
B_ramp_bl_rr,bl_rr,327,135,5.9259,5.2229,1600
B_ramp_bl_rr,bl_rr,328,135,5.9259,6.4569,1600
B_ramp_bl_rr,bl_rr,329,133,7.5188,8.0169,1600
B_ramp_bl_rr,bl_rr,330,132,10.6061,12.1022,1600
B_ramp_bl_rr,bl_rr,331,132,18.1818,12.0651,1600
B_ramp_bl_rr,bl_rr,332,135,7.4074,9.5174,1600
B_ramp_bl_rr,bl_rr,333,135,2.963,5.982,1600
B_ramp_bl_rr,bl_rr,334,132,7.5758,5.3078,1600
B_ramp_bl_rr,bl_rr,335,130,5.3846,7.0162,1600
B_ramp_bl_rr,bl_rr,336,136,8.0882,7.207,1600
B_ramp_bl_rr,bl_rr,337,135,8.1481,7.1665,1600
B_ramp_bl_rr,bl_rr,338,133,5.2632,6.2516,1600
B_ramp_bl_rr,bl_rr,339,131,5.3435,6.5659,1600
B_ramp_bl_rr,bl_rr,340,132,9.0909,8.4879,1600
B_ramp_bl_rr,bl_rr,341,136,11.0294,9.6697,1600
B_ramp_bl_rr,bl_rr,342,135,8.8889,8.1546,1600
B_ramp_bl_rr,bl_rr,343,132,4.5455,6.0166,1600
B_ramp_bl_rr,bl_rr,344,130,4.6154,4.7693,1600
B_ramp_bl_rr,bl_rr,345,136,5.1471,6.488,1600
B_ramp_bl_rr,bl_rr,346,134,9.7015,9.4271,1600
B_ramp_bl_rr,bl_rr,347,134,13.4328,10.2367,1600
B_ramp_bl_rr,bl_rr,348,132,7.5758,8.4954,1600
B_ramp_bl_rr,bl_rr,349,134,4.4776,6.0228,1600
B_ramp_bl_rr,bl_rr,350,133,6.015,5.2259,1600
B_ramp_bl_rr,bl_rr,351,135,5.1852,6.7637,1600
B_ramp_bl_rr,bl_rr,352,132,9.0909,6.2854,1600
B_ramp_bl_rr,bl_rr,353,131,4.5802,8.5371,1600
B_ramp_bl_rr,bl_rr,354,134,11.9403,7.4676,1600
B_ramp_bl_rr,bl_rr,355,136,5.8824,9.4497,1600
B_ramp_bl_rr,bl_rr,356,133,10.5263,7.4898,1600
B_ramp_bl_rr,bl_rr,357,132,6.0606,7.7678,1600
B_ramp_bl_rr,bl_rr,358,134,6.7164,7.5172,1600
B_ramp_bl_lr,bl_lr,0,133,2.2556,2.9935,
B_ramp_bl_lr,bl_lr,1,134,3.7313,2.5007,
B_ramp_bl_lr,bl_lr,2,132,1.5152,3.2414,
B_ramp_bl_lr,bl_lr,3,134,4.4776,3.4901,
B_ramp_bl_lr,bl_lr,4,134,4.4776,4.0029,
B_ramp_bl_lr,bl_lr,5,131,3.0534,3.2566,
B_ramp_bl_lr,bl_lr,6,134,2.2388,2.2653,
B_ramp_bl_lr,bl_lr,7,133,1.5038,1.7413,
B_ramp_bl_lr,bl_lr,8,135,1.4815,1.2457,
B_ramp_bl_lr,bl_lr,9,133,0.7519,1.9882,
B_ramp_bl_lr,bl_lr,10,134,3.7313,2.2578,
B_ramp_bl_lr,bl_lr,11,131,2.2901,3.4777,
B_ramp_bl_lr,bl_lr,12,136,4.4118,2.7352,
B_ramp_bl_lr,bl_lr,13,133,1.5038,3.2441,
B_ramp_bl_lr,bl_lr,14,131,3.8168,3.7636,
B_ramp_bl_lr,bl_lr,15,134,5.9701,4.7549,
B_ramp_bl_lr,bl_lr,16,134,4.4776,4.7172,
B_ramp_bl_lr,bl_lr,17,135,3.7037,3.9897,
B_ramp_bl_lr,bl_lr,18,132,3.7879,2.9984,
B_ramp_bl_lr,bl_lr,19,133,1.5038,3.5316,
B_ramp_bl_lr,bl_lr,20,132,5.303,4.4748,
B_ramp_bl_lr,bl_lr,21,136,6.6176,4.7254,
B_ramp_bl_lr,bl_lr,22,133,2.2556,3.9679,
B_ramp_bl_lr,bl_lr,23,132,3.0303,2.757,
B_ramp_bl_lr,bl_lr,24,134,2.9851,4.2439,
B_ramp_bl_lr,bl_lr,25,134,6.7164,5.7214,
B_ramp_bl_lr,bl_lr,26,134,7.4627,6.494,
B_ramp_bl_lr,bl_lr,27,132,5.303,4.2552,
B_ramp_bl_lr,bl_lr,28,133,0.0,2.5253,
B_ramp_bl_lr,bl_lr,29,132,2.2727,2.486,
B_ramp_bl_lr,bl_lr,30,135,5.1852,5.7441,
B_ramp_bl_lr,bl_lr,31,133,9.7744,6.9766,
B_ramp_bl_lr,bl_lr,32,134,5.9701,6.0058,
B_ramp_bl_lr,bl_lr,33,132,2.2727,3.7353,
B_ramp_bl_lr,bl_lr,34,135,2.963,2.4971,
B_ramp_bl_lr,bl_lr,35,133,2.2556,2.237,
B_ramp_bl_lr,bl_lr,36,134,1.4925,2.512,
B_ramp_bl_lr,bl_lr,37,132,3.7879,2.512,
B_ramp_bl_lr,bl_lr,38,133,2.2556,3.2583,
B_ramp_bl_lr,bl_lr,39,134,3.7313,6.2886,
B_ramp_bl_lr,bl_lr,40,132,12.8788,7.5268,
B_ramp_bl_lr,bl_lr,41,134,5.9701,7.5361,
B_ramp_bl_lr,bl_lr,42,133,3.7594,3.9839,
B_ramp_bl_lr,bl_lr,43,135,2.2222,3.509,
B_ramp_bl_lr,bl_lr,44,132,4.5455,3.9843,
B_ramp_bl_lr,bl_lr,45,135,5.1852,4.4967,
B_ramp_bl_lr,bl_lr,46,133,3.7594,4.2347,
B_ramp_bl_lr,bl_lr,47,133,3.7594,3.5088,
B_ramp_bl_lr,bl_lr,48,133,3.0075,3.2581,
B_ramp_bl_lr,bl_lr,49,133,3.0075,4.4926,
B_ramp_bl_lr,bl_lr,50,134,7.4627,4.2419,
B_ramp_bl_lr,bl_lr,51,133,2.2556,5.0071,
B_ramp_bl_lr,bl_lr,52,132,5.303,4.248,
B_ramp_bl_lr,bl_lr,53,135,5.1852,3.9973,
B_ramp_bl_lr,bl_lr,54,133,1.5038,2.9759,
B_ramp_bl_lr,bl_lr,55,134,2.2388,1.7526,
B_ramp_bl_lr,bl_lr,56,132,1.5152,3.2266,
B_ramp_bl_lr,bl_lr,57,135,5.9259,3.9729,
B_ramp_bl_lr,bl_lr,58,134,4.4776,5.249,
B_ramp_bl_lr,bl_lr,59,131,5.3435,4.02,
B_ramp_bl_lr,bl_lr,60,134,2.2388,3.7806,
B_ramp_bl_lr,bl_lr,61,133,3.7594,2.7457,
B_ramp_bl_lr,bl_lr,62,134,2.2388,3.5032,20000
B_ramp_bl_lr,bl_lr,63,133,4.5113,3.7538,20000
B_ramp_bl_lr,bl_lr,64,133,4.5113,4.0025,20000
B_ramp_bl_lr,bl_lr,65,134,2.9851,4.4888,20000
B_ramp_bl_lr,bl_lr,66,134,5.9701,4.2382,20000
B_ramp_bl_lr,bl_lr,67,133,3.7594,4.7699,20000
B_ramp_bl_lr,bl_lr,68,131,4.5802,3.2774,20000
B_ramp_bl_lr,bl_lr,69,134,1.4925,6.0343,20000
B_ramp_bl_lr,bl_lr,70,133,12.0301,4.7545,20000
B_ramp_bl_lr,bl_lr,71,135,0.7407,6.2771,20000
B_ramp_bl_lr,bl_lr,72,132,6.0606,2.5159,18327
B_ramp_bl_lr,bl_lr,73,134,0.7463,3.0265,18327
B_ramp_bl_lr,bl_lr,74,132,2.2727,1.7416,18327
B_ramp_bl_lr,bl_lr,75,136,2.2059,2.2447,18327
B_ramp_bl_lr,bl_lr,76,133,2.2556,1.7397,18327
B_ramp_bl_lr,bl_lr,77,132,0.7576,3.0094,18327
B_ramp_bl_lr,bl_lr,78,133,6.015,3.4921,18327
B_ramp_bl_lr,bl_lr,79,135,3.7037,4.5022,18327
B_ramp_bl_lr,bl_lr,80,132,3.7879,4.9663,18327
B_ramp_bl_lr,bl_lr,81,135,7.4074,5.2469,16655
B_ramp_bl_lr,bl_lr,82,132,4.5455,5.2469,16655
B_ramp_bl_lr,bl_lr,83,132,3.7879,3.7654,16655
B_ramp_bl_lr,bl_lr,84,135,2.963,2.7478,16655
B_ramp_bl_lr,bl_lr,85,134,1.4925,3.2528,16655
B_ramp_bl_lr,bl_lr,86,132,5.303,2.7664,16655
B_ramp_bl_lr,bl_lr,87,133,1.5038,3.2566,16655
B_ramp_bl_lr,bl_lr,88,135,2.963,3.0041,16655
B_ramp_bl_lr,bl_lr,89,132,4.5455,4.9719,16655
B_ramp_bl_lr,bl_lr,90,135,7.4074,5.752,16655
B_ramp_bl_lr,bl_lr,91,132,5.303,5.2469,14982
B_ramp_bl_lr,bl_lr,92,132,3.0303,4.0216,14982
B_ramp_bl_lr,bl_lr,93,134,3.7313,2.7477,14982
B_ramp_bl_lr,bl_lr,94,135,1.4815,2.4839,14982
B_ramp_bl_lr,bl_lr,95,134,2.2388,2.7668,14982
B_ramp_bl_lr,bl_lr,96,131,4.5802,3.5168,14982
B_ramp_bl_lr,bl_lr,97,134,3.7313,4.2743,14982
B_ramp_bl_lr,bl_lr,98,133,4.5113,3.7352,14982
B_ramp_bl_lr,bl_lr,99,135,2.963,4.2591,14982
B_ramp_bl_lr,bl_lr,100,132,5.303,4.7454,14982
B_ramp_bl_lr,bl_lr,101,134,5.9701,4.7528,14982
B_ramp_bl_lr,bl_lr,102,134,2.9851,4.7528,13309
B_ramp_bl_lr,bl_lr,103,132,5.303,4.2552,13309
B_ramp_bl_lr,bl_lr,104,134,4.4776,4.0178,13309
B_ramp_bl_lr,bl_lr,105,132,2.2727,2.9964,13309
B_ramp_bl_lr,bl_lr,106,134,2.2388,3.0076,13309
B_ramp_bl_lr,bl_lr,107,133,4.5113,4.2253,13309
B_ramp_bl_lr,bl_lr,108,135,5.9259,3.9803,13309
B_ramp_bl_lr,bl_lr,109,133,1.5038,5.5069,13309
B_ramp_bl_lr,bl_lr,110,132,9.0909,5.7538,13309
B_ramp_bl_lr,bl_lr,111,135,6.6667,6.0044,11636
B_ramp_bl_lr,bl_lr,112,133,2.2556,4.7418,11636
B_ramp_bl_lr,bl_lr,113,132,5.303,3.7822,11636
B_ramp_bl_lr,bl_lr,114,132,3.7879,4.0253,11636
B_ramp_bl_lr,bl_lr,115,134,2.9851,3.5014,11636
B_ramp_bl_lr,bl_lr,116,134,3.7313,2.2388,11636
B_ramp_bl_lr,bl_lr,117,134,0.0,4.0007,11636
B_ramp_bl_lr,bl_lr,118,133,8.2707,5.0296,11636
B_ramp_bl_lr,bl_lr,119,132,6.8182,8.789,11636
B_ramp_bl_lr,bl_lr,120,133,11.2782,7.2576,11636
B_ramp_bl_lr,bl_lr,121,136,3.6765,6.238,9964
B_ramp_bl_lr,bl_lr,122,133,3.7594,3.7412,9964
B_ramp_bl_lr,bl_lr,123,132,3.7879,3.7595,9964
B_ramp_bl_lr,bl_lr,124,134,3.7313,3.7502,9964
B_ramp_bl_lr,bl_lr,125,134,3.7313,5.0128,9964
B_ramp_bl_lr,bl_lr,126,132,7.5758,5.7591,9964
B_ramp_bl_lr,bl_lr,127,134,5.9701,6.5355,9964
B_ramp_bl_lr,bl_lr,128,132,6.0606,4.751,9964
B_ramp_bl_lr,bl_lr,129,135,2.2222,5.4973,9964
B_ramp_bl_lr,bl_lr,130,134,8.209,5.4821,9964
B_ramp_bl_lr,bl_lr,131,133,6.015,5.4932,9964
B_ramp_bl_lr,bl_lr,132,133,2.2556,3.5088,8291
B_ramp_bl_lr,bl_lr,133,133,2.2556,3.0075,8291
B_ramp_bl_lr,bl_lr,134,133,4.5113,4.992,8291
B_ramp_bl_lr,bl_lr,135,134,8.209,5.7438,8291
B_ramp_bl_lr,bl_lr,136,133,4.5113,6.0078,8291
B_ramp_bl_lr,bl_lr,137,132,5.303,4.9998,8291
B_ramp_bl_lr,bl_lr,138,135,5.1852,4.9998,8291
B_ramp_bl_lr,bl_lr,139,133,4.5113,7.02,8291
B_ramp_bl_lr,bl_lr,140,132,11.3636,5.5404,8291
B_ramp_bl_lr,bl_lr,141,134,0.7463,4.7942,6618
B_ramp_bl_lr,bl_lr,142,132,2.2727,2.4878,6618
B_ramp_bl_lr,bl_lr,143,135,4.4444,2.9853,6618
B_ramp_bl_lr,bl_lr,144,134,2.2388,4.2328,6618
B_ramp_bl_lr,bl_lr,145,133,6.015,3.5032,6618
B_ramp_bl_lr,bl_lr,146,133,2.2556,5.0125,6618
B_ramp_bl_lr,bl_lr,147,133,6.7669,5.9926,6618
B_ramp_bl_lr,bl_lr,148,134,8.9552,7.5134,6618
B_ramp_bl_lr,bl_lr,149,132,6.8182,8.7404,6618
B_ramp_bl_lr,bl_lr,150,134,10.4478,9.4867,6618
B_ramp_bl_lr,bl_lr,151,134,11.194,9.9917,4945
B_ramp_bl_lr,bl_lr,152,132,8.3333,9.719,4945
B_ramp_bl_lr,bl_lr,153,135,9.6296,6.2402,4945
B_ramp_bl_lr,bl_lr,154,132,0.7576,4.9776,4945
B_ramp_bl_lr,bl_lr,155,132,4.5455,5.6892,4945
B_ramp_bl_lr,bl_lr,156,136,11.7647,6.9405,4945
B_ramp_bl_lr,bl_lr,157,133,4.5113,6.688,4945
B_ramp_bl_lr,bl_lr,158,132,3.7879,6.2752,4945
B_ramp_bl_lr,bl_lr,159,133,10.5263,7.259,4945
B_ramp_bl_lr,bl_lr,160,134,7.4627,7.5001,4945
B_ramp_bl_lr,bl_lr,161,133,4.5113,7.7792,4945
B_ramp_bl_lr,bl_lr,162,132,11.3636,9.051,3273
B_ramp_bl_lr,bl_lr,163,133,11.2782,11.0041,3273
B_ramp_bl_lr,bl_lr,164,135,10.3704,11.1668,3273
B_ramp_bl_lr,bl_lr,165,135,11.8519,10.9162,3273
B_ramp_bl_lr,bl_lr,166,133,10.5263,13.7251,3273
B_ramp_bl_lr,bl_lr,167,133,18.797,14.5724,3273
B_ramp_bl_lr,bl_lr,168,132,14.3939,14.795,3273
B_ramp_bl_lr,bl_lr,169,134,11.194,18.8829,3273
B_ramp_bl_lr,bl_lr,170,132,31.0606,34.2341,3273
B_ramp_bl_lr,bl_lr,171,134,60.4478,49.5504,1600
B_ramp_bl_lr,bl_lr,172,133,57.1429,59.247,1600
B_ramp_bl_lr,bl_lr,173,133,60.1504,59.5523,1600
B_ramp_bl_lr,bl_lr,174,132,61.3636,60.1564,1600
B_ramp_bl_lr,bl_lr,175,134,58.9552,60.7531,1600
B_ramp_bl_lr,bl_lr,176,134,61.9403,61.7632,1600
B_ramp_bl_lr,bl_lr,177,132,64.3939,65.7433,1600
B_ramp_bl_lr,bl_lr,178,134,70.8955,65.8985,1600
B_ramp_bl_lr,bl_lr,179,133,62.406,66.0756,1600
B_ramp_bl_lr,bl_lr,180,134,64.9254,66.1812,1600
B_ramp_bl_lr,bl_lr,181,132,71.2121,65.873,1600
B_ramp_bl_lr,bl_lr,182,135,61.4815,63.5294,1600
B_ramp_bl_lr,bl_lr,183,133,57.8947,60.2466,1600
B_ramp_bl_lr,bl_lr,184,132,61.3636,59.259,1600
B_ramp_bl_lr,bl_lr,185,135,58.5185,58.7577,1600
B_ramp_bl_lr,bl_lr,186,133,56.391,57.852,1600
B_ramp_bl_lr,bl_lr,187,133,58.6466,57.7488,1600
B_ramp_bl_lr,bl_lr,188,134,58.209,55.9945,1600
B_ramp_bl_lr,bl_lr,189,133,51.1278,57.1527,1600
B_ramp_bl_lr,bl_lr,190,132,62.1212,56.0454,1600
B_ramp_bl_lr,bl_lr,191,133,54.8872,58.4058,1600
B_ramp_bl_lr,bl_lr,192,134,58.209,60.1735,1600
B_ramp_bl_lr,bl_lr,193,132,67.4242,62.2209,1600
B_ramp_bl_lr,bl_lr,194,136,61.0294,62.9197,1600
B_ramp_bl_lr,bl_lr,195,131,60.3053,61.7684,1600
B_ramp_bl_lr,bl_lr,196,136,63.9706,63.9001,1600
B_ramp_bl_lr,bl_lr,197,132,67.4242,66.7612,1600
B_ramp_bl_lr,bl_lr,198,135,68.8889,65.285,1600
B_ramp_bl_lr,bl_lr,199,131,59.542,64.78,1600
B_ramp_bl_lr,bl_lr,200,132,65.9091,59.7092,1600
B_ramp_bl_lr,bl_lr,201,136,53.6765,58.6588,1600
B_ramp_bl_lr,bl_lr,202,133,56.391,55.2077,1600
B_ramp_bl_lr,bl_lr,203,135,55.5556,53.855,1600
B_ramp_bl_lr,bl_lr,204,131,49.6183,56.7751,1600
B_ramp_bl_lr,bl_lr,205,132,65.1515,56.2615,1600
B_ramp_bl_lr,bl_lr,206,137,54.0146,59.2709,1600
B_ramp_bl_lr,bl_lr,207,133,58.6466,58.1051,1600
B_ramp_bl_lr,bl_lr,208,133,61.6541,58.396,1600
B_ramp_bl_lr,bl_lr,209,133,54.8872,60.0592,1600
B_ramp_bl_lr,bl_lr,210,132,63.6364,61.2363,1600
B_ramp_bl_lr,bl_lr,211,135,65.1852,62.3435,1600
B_ramp_bl_lr,bl_lr,212,134,58.209,60.3233,1600
B_ramp_bl_lr,bl_lr,213,132,57.5758,58.7442,1600
B_ramp_bl_lr,bl_lr,214,134,60.4478,60.4855,1600
B_ramp_bl_lr,bl_lr,215,134,63.4328,61.5943,1600
B_ramp_bl_lr,bl_lr,216,133,60.9023,63.1622,1600
B_ramp_bl_lr,bl_lr,217,132,65.1515,61.9674,1600
B_ramp_bl_lr,bl_lr,218,132,59.8485,59.3284,1600
B_ramp_bl_lr,bl_lr,219,134,52.9851,61.6713,1600
B_ramp_bl_lr,bl_lr,220,133,72.1805,63.7807,1600
B_ramp_bl_lr,bl_lr,221,136,66.1765,67.8244,1600
B_ramp_bl_lr,bl_lr,222,129,65.1163,64.8427,1600
B_ramp_bl_lr,bl_lr,223,136,63.2353,63.0846,1600
B_ramp_bl_lr,bl_lr,224,133,60.9023,60.5334,1600
B_ramp_bl_lr,bl_lr,225,134,57.4627,59.8112,1600
B_ramp_bl_lr,bl_lr,226,131,61.0687,59.2635,1600
B_ramp_bl_lr,bl_lr,227,135,59.2593,62.1645,1600
B_ramp_bl_lr,bl_lr,228,133,66.1654,61.9575,1600
B_ramp_bl_lr,bl_lr,229,134,60.4478,64.1797,1600
B_ramp_bl_lr,bl_lr,230,135,65.9259,63.2442,1600
B_ramp_bl_lr,bl_lr,231,131,63.3588,61.5029,1600
B_ramp_bl_lr,bl_lr,232,134,55.2239,59.6768,1600
B_ramp_bl_lr,bl_lr,233,134,60.4478,60.2744,1600
B_ramp_bl_lr,bl_lr,234,132,65.1515,63.101,1600
B_ramp_bl_lr,bl_lr,235,135,63.7037,58.8608,1600
B_ramp_bl_lr,bl_lr,236,132,47.7273,56.4419,1600
B_ramp_bl_lr,bl_lr,237,133,57.8947,54.9604,1600
B_ramp_bl_lr,bl_lr,238,135,59.2593,59.8533,1600
B_ramp_bl_lr,bl_lr,239,133,62.406,59.747,1600
B_ramp_bl_lr,bl_lr,240,132,57.5758,63.377,1600
B_ramp_bl_lr,bl_lr,241,134,70.1493,59.367,1600
B_ramp_bl_lr,bl_lr,242,133,50.3759,59.1874,1600
B_ramp_bl_lr,bl_lr,243,135,57.037,53.616,1600
B_ramp_bl_lr,bl_lr,244,131,53.4351,55.1198,1600
B_ramp_bl_lr,bl_lr,245,133,54.8872,57.003,1600
B_ramp_bl_lr,bl_lr,246,134,62.6866,63.1812,1600
B_ramp_bl_lr,bl_lr,247,132,71.9697,63.0446,1600
B_ramp_bl_lr,bl_lr,248,134,54.4776,63.4524,1600
B_ramp_bl_lr,bl_lr,249,133,63.9098,58.9686,1600
B_ramp_bl_lr,bl_lr,250,135,58.5185,62.9487,1600
B_ramp_bl_lr,bl_lr,251,134,66.4179,62.0435,1600
B_ramp_bl_lr,bl_lr,252,134,61.194,61.3343,1600
B_ramp_bl_lr,bl_lr,253,133,56.391,60.1546,1600
B_ramp_bl_lr,bl_lr,254,132,62.8788,59.1596,1600
B_ramp_bl_lr,bl_lr,255,134,58.209,61.9165,1600
B_ramp_bl_lr,bl_lr,256,133,64.6617,61.9445,1600
B_ramp_bl_lr,bl_lr,257,135,62.963,63.3108,1600
B_ramp_bl_lr,bl_lr,258,130,62.3077,60.1392,1600
B_ramp_bl_lr,bl_lr,259,136,55.1471,57.3334,1600
B_ramp_bl_lr,bl_lr,260,132,54.5455,57.1155,1600
B_ramp_bl_lr,bl_lr,261,133,61.6541,56.5277,1600
B_ramp_bl_lr,bl_lr,262,133,53.3835,59.8273,1600
B_ramp_bl_lr,bl_lr,263,135,64.4444,59.478,1600
B_ramp_bl_lr,bl_lr,264,132,60.6061,59.5939,1600
B_ramp_bl_lr,bl_lr,265,134,53.7313,55.2766,1600
B_ramp_bl_lr,bl_lr,266,134,51.4925,53.3952,1600
B_ramp_bl_lr,bl_lr,267,131,54.9618,56.4724,1600
B_ramp_bl_lr,bl_lr,268,135,62.963,60.5428,1600
B_ramp_bl_lr,bl_lr,269,135,63.7037,63.4343,1600
B_ramp_bl_lr,bl_lr,270,132,63.6364,61.0218,1600
B_ramp_bl_lr,bl_lr,271,131,55.7252,57.9464,1600
B_ramp_bl_lr,bl_lr,272,134,54.4776,53.6497,1600
B_ramp_bl_lr,bl_lr,273,134,50.7463,54.9751,1600
B_ramp_bl_lr,bl_lr,274,134,59.7015,55.4726,1600
B_ramp_bl_lr,bl_lr,275,134,55.9701,58.1061,1600
B_ramp_bl_lr,bl_lr,276,133,58.6466,60.2607,1600
B_ramp_bl_lr,bl_lr,277,133,66.1654,62.002,1600
B_ramp_bl_lr,bl_lr,278,134,61.194,63.7564,1600
B_ramp_bl_lr,bl_lr,279,133,63.9098,60.8932,1600
B_ramp_bl_lr,bl_lr,280,132,57.5758,59.8982,1600
B_ramp_bl_lr,bl_lr,281,134,58.209,58.9929,1600
B_ramp_bl_lr,bl_lr,282,134,61.194,61.3549,1600
B_ramp_bl_lr,bl_lr,283,133,64.6617,59.7297,1600
B_ramp_bl_lr,bl_lr,284,135,53.3333,58.6701,1600
B_ramp_bl_lr,bl_lr,285,131,58.0153,55.6347,1600
B_ramp_bl_lr,bl_lr,286,135,55.5556,58.1577,1600
B_ramp_bl_lr,bl_lr,287,133,60.9023,60.9586,1600
B_ramp_bl_lr,bl_lr,288,134,66.4179,62.3896,1600
B_ramp_bl_lr,bl_lr,289,132,59.8485,59.7656,1600
B_ramp_bl_lr,bl_lr,290,132,53.0303,57.5268,1600
B_ramp_bl_lr,bl_lr,291,134,59.7015,57.4778,1600
B_ramp_bl_lr,bl_lr,292,134,59.7015,59.9502,1600
B_ramp_bl_lr,bl_lr,293,134,60.4478,58.8793,1600
B_ramp_bl_lr,bl_lr,294,131,56.4885,56.5096,1600
B_ramp_bl_lr,bl_lr,295,135,52.5926,55.7634,1600
B_ramp_bl_lr,bl_lr,296,134,58.209,57.8934,1600
B_ramp_bl_lr,bl_lr,297,132,62.8788,59.6608,1600
B_ramp_bl_lr,bl_lr,298,133,57.8947,57.6708,1600
B_ramp_bl_lr,bl_lr,299,134,52.2388,54.3582,1600
B_ramp_bl_lr,bl_lr,300,136,52.9412,37.0208,1600
B_ramp_bl_lr,bl_lr,301,136,5.8824,19.6078,1600
B_ramp_bl_lr,bl_lr,302,132,0.0,2.9633,1600
B_ramp_bl_lr,bl_lr,303,133,3.0075,2.2463,1600
B_ramp_bl_lr,bl_lr,304,134,3.7313,2.4969,1600
B_ramp_bl_lr,bl_lr,305,133,0.7519,2.4894,1600
B_ramp_bl_lr,bl_lr,306,134,2.9851,2.2635,1600
B_ramp_bl_lr,bl_lr,307,131,3.0534,2.7591,1600
B_ramp_bl_lr,bl_lr,308,134,2.2388,2.011,1600
B_ramp_bl_lr,bl_lr,309,135,0.7407,1.4907,1600
B_ramp_bl_lr,bl_lr,310,134,1.4925,1.4907,1600
B_ramp_bl_lr,bl_lr,311,134,2.2388,2.0014,1600
B_ramp_bl_lr,bl_lr,312,132,2.2727,1.7564,1600
B_ramp_bl_lr,bl_lr,313,132,0.7576,3.0002,1600
B_ramp_bl_lr,bl_lr,314,134,5.9701,2.9888,1600
B_ramp_bl_lr,bl_lr,315,134,2.2388,3.4826,1600
B_ramp_bl_lr,bl_lr,316,134,2.2388,1.9976,1600
B_ramp_bl_lr,bl_lr,317,132,1.5152,1.5038,1600
B_ramp_bl_lr,bl_lr,318,132,0.7576,1.5095,1600
B_ramp_bl_lr,bl_lr,319,133,2.2556,2.239,1600
B_ramp_bl_lr,bl_lr,320,135,3.7037,2.4877,1600
B_ramp_bl_lr,bl_lr,321,133,1.5038,2.4821,1600
B_ramp_bl_lr,bl_lr,322,134,2.2388,2.4913,1600
B_ramp_bl_lr,bl_lr,323,134,3.7313,3.7577,1600
B_ramp_bl_lr,bl_lr,324,132,5.303,4.014,1600
B_ramp_bl_lr,bl_lr,325,133,3.0075,3.5165,1600
B_ramp_bl_lr,bl_lr,326,134,2.2388,2.2426,1600
B_ramp_bl_lr,bl_lr,327,135,1.4815,1.749,1600
B_ramp_bl_lr,bl_lr,328,131,1.5267,2.2465,1600
B_ramp_bl_lr,bl_lr,329,134,3.7313,4.5517,1600
B_ramp_bl_lr,bl_lr,330,131,8.3969,6.2816,1600
B_ramp_bl_lr,bl_lr,331,134,6.7164,5.7785,1600
B_ramp_bl_lr,bl_lr,332,135,2.2222,3.7314,1600
B_ramp_bl_lr,bl_lr,333,133,2.2556,1.7432,1600
B_ramp_bl_lr,bl_lr,334,133,0.7519,1.2531,1600
B_ramp_bl_lr,bl_lr,335,133,0.7519,0.9951,1600
B_ramp_bl_lr,bl_lr,336,135,1.4815,0.997,1600
B_ramp_bl_lr,bl_lr,337,132,0.7576,1.9901,1600
B_ramp_bl_lr,bl_lr,338,134,3.7313,3.0115,1600
B_ramp_bl_lr,bl_lr,339,132,4.5455,4.4873,1600
B_ramp_bl_lr,bl_lr,340,135,5.1852,3.9954,1600
B_ramp_bl_lr,bl_lr,341,133,2.2556,3.984,1600
B_ramp_bl_lr,bl_lr,342,133,4.5113,2.5063,1600
B_ramp_bl_lr,bl_lr,343,133,0.7519,2.2556,1600
B_ramp_bl_lr,bl_lr,344,133,1.5038,0.9988,1600
B_ramp_bl_lr,bl_lr,345,135,0.7407,2.2519,1600
B_ramp_bl_lr,bl_lr,346,133,4.5113,2.7608,1600
B_ramp_bl_lr,bl_lr,347,132,3.0303,3.5164,1600
B_ramp_bl_lr,bl_lr,348,133,3.0075,2.2614,1600
B_ramp_bl_lr,bl_lr,349,134,0.7463,2.4858,1600
B_ramp_bl_lr,bl_lr,350,135,3.7037,2.746,1600
B_ramp_bl_lr,bl_lr,351,132,3.7879,3.2491,1600
B_ramp_bl_lr,bl_lr,352,133,2.2556,2.7721,1600
B_ramp_bl_lr,bl_lr,353,132,2.2727,2.9693,1600
B_ramp_bl_lr,bl_lr,354,137,4.3796,3.7441,1600
B_ramp_bl_lr,bl_lr,355,131,4.5802,2.9866,1600
B_ramp_bl_lr,bl_lr,356,133,0.0,1.5267,1600
B_ramp_bl_lr,bl_lr,357,133,0.0,1.99,1600
B_ramp_bl_lr,bl_lr,358,134,5.9701,2.4913,1600
B_ramp_bl_loc,bl_loc,0,115,100.0,100.0,
B_ramp_bl_loc,bl_loc,1,103,100.0,100.0,
B_ramp_bl_loc,bl_loc,2,97,100.0,100.0,
B_ramp_bl_loc,bl_loc,3,107,100.0,100.0,
B_ramp_bl_loc,bl_loc,4,101,100.0,100.0,
B_ramp_bl_loc,bl_loc,5,101,100.0,100.0,
B_ramp_bl_loc,bl_loc,6,110,100.0,100.0,
B_ramp_bl_loc,bl_loc,7,102,100.0,100.0,
B_ramp_bl_loc,bl_loc,8,117,100.0,100.0,
B_ramp_bl_loc,bl_loc,9,97,100.0,100.0,
B_ramp_bl_loc,bl_loc,10,107,100.0,100.0,
B_ramp_bl_loc,bl_loc,11,107,100.0,100.0,
B_ramp_bl_loc,bl_loc,12,110,100.0,100.0,
B_ramp_bl_loc,bl_loc,13,98,100.0,100.0,
B_ramp_bl_loc,bl_loc,14,103,100.0,100.0,
B_ramp_bl_loc,bl_loc,15,97,100.0,100.0,
B_ramp_bl_loc,bl_loc,16,102,100.0,100.0,
B_ramp_bl_loc,bl_loc,17,109,100.0,100.0,
B_ramp_bl_loc,bl_loc,18,111,100.0,100.0,
B_ramp_bl_loc,bl_loc,19,105,100.0,100.0,
B_ramp_bl_loc,bl_loc,20,109,100.0,100.0,
B_ramp_bl_loc,bl_loc,21,107,100.0,100.0,
B_ramp_bl_loc,bl_loc,22,97,100.0,100.0,
B_ramp_bl_loc,bl_loc,23,110,100.0,100.0,
B_ramp_bl_loc,bl_loc,24,110,100.0,100.0,
B_ramp_bl_loc,bl_loc,25,95,100.0,100.0,
B_ramp_bl_loc,bl_loc,26,120,100.0,100.0,
B_ramp_bl_loc,bl_loc,27,108,100.0,100.0,
B_ramp_bl_loc,bl_loc,28,102,100.0,100.0,
B_ramp_bl_loc,bl_loc,29,84,100.0,100.0,
B_ramp_bl_loc,bl_loc,30,118,100.0,100.0,
B_ramp_bl_loc,bl_loc,31,107,100.0,100.0,
B_ramp_bl_loc,bl_loc,32,108,100.0,100.0,
B_ramp_bl_loc,bl_loc,33,103,100.0,100.0,
B_ramp_bl_loc,bl_loc,34,104,100.0,100.0,
B_ramp_bl_loc,bl_loc,35,96,100.0,100.0,
B_ramp_bl_loc,bl_loc,36,106,100.0,100.0,
B_ramp_bl_loc,bl_loc,37,105,100.0,100.0,
B_ramp_bl_loc,bl_loc,38,88,100.0,100.0,
B_ramp_bl_loc,bl_loc,39,111,100.0,100.0,
B_ramp_bl_loc,bl_loc,40,99,100.0,100.0,
B_ramp_bl_loc,bl_loc,41,111,100.0,100.0,
B_ramp_bl_loc,bl_loc,42,103,100.0,100.0,
B_ramp_bl_loc,bl_loc,43,108,100.0,100.0,
B_ramp_bl_loc,bl_loc,44,110,100.0,100.0,
B_ramp_bl_loc,bl_loc,45,114,100.0,100.0,
B_ramp_bl_loc,bl_loc,46,117,100.0,100.0,
B_ramp_bl_loc,bl_loc,47,99,100.0,100.0,
B_ramp_bl_loc,bl_loc,48,110,100.0,100.0,
B_ramp_bl_loc,bl_loc,49,100,100.0,100.0,
B_ramp_bl_loc,bl_loc,50,119,100.0,100.0,
B_ramp_bl_loc,bl_loc,51,103,100.0,100.0,
B_ramp_bl_loc,bl_loc,52,100,100.0,100.0,
B_ramp_bl_loc,bl_loc,53,100,100.0,100.0,
B_ramp_bl_loc,bl_loc,54,112,100.0,100.0,
B_ramp_bl_loc,bl_loc,55,97,100.0,100.0,
B_ramp_bl_loc,bl_loc,56,110,100.0,100.0,
B_ramp_bl_loc,bl_loc,57,104,100.0,100.0,
B_ramp_bl_loc,bl_loc,58,98,100.0,100.0,
B_ramp_bl_loc,bl_loc,59,94,100.0,100.0,
B_ramp_bl_loc,bl_loc,60,110,100.0,100.0,
B_ramp_bl_loc,bl_loc,61,94,100.0,100.0,
B_ramp_bl_loc,bl_loc,62,102,100.0,100.0,20000
B_ramp_bl_loc,bl_loc,63,106,100.0,100.0,20000
B_ramp_bl_loc,bl_loc,64,112,100.0,100.0,20000
B_ramp_bl_loc,bl_loc,65,115,100.0,100.0,20000
B_ramp_bl_loc,bl_loc,66,93,100.0,100.0,20000
B_ramp_bl_loc,bl_loc,67,119,100.0,100.0,20000
B_ramp_bl_loc,bl_loc,68,94,100.0,100.0,20000
B_ramp_bl_loc,bl_loc,69,110,100.0,100.0,20000
B_ramp_bl_loc,bl_loc,70,100,100.0,100.0,20000
B_ramp_bl_loc,bl_loc,71,94,100.0,100.0,20000
B_ramp_bl_loc,bl_loc,72,104,100.0,100.0,18327
B_ramp_bl_loc,bl_loc,73,106,100.0,100.0,18327
B_ramp_bl_loc,bl_loc,74,86,100.0,100.0,18327
B_ramp_bl_loc,bl_loc,75,101,100.0,100.0,18327
B_ramp_bl_loc,bl_loc,76,101,100.0,100.0,18327
B_ramp_bl_loc,bl_loc,77,96,100.0,100.0,18327
B_ramp_bl_loc,bl_loc,78,102,100.0,100.0,18327
B_ramp_bl_loc,bl_loc,79,122,100.0,100.0,18327
B_ramp_bl_loc,bl_loc,80,106,100.0,100.0,18327
B_ramp_bl_loc,bl_loc,81,93,100.0,100.0,16655
B_ramp_bl_loc,bl_loc,82,105,100.0,100.0,16655
B_ramp_bl_loc,bl_loc,83,115,100.0,100.0,16655
B_ramp_bl_loc,bl_loc,84,109,100.0,100.0,16655
B_ramp_bl_loc,bl_loc,85,97,100.0,100.0,16655
B_ramp_bl_loc,bl_loc,86,100,100.0,100.0,16655
B_ramp_bl_loc,bl_loc,87,115,100.0,100.0,16655
B_ramp_bl_loc,bl_loc,88,97,100.0,100.0,16655
B_ramp_bl_loc,bl_loc,89,118,100.0,100.0,16655
B_ramp_bl_loc,bl_loc,90,105,100.0,100.0,16655
B_ramp_bl_loc,bl_loc,91,102,100.0,100.0,14982
B_ramp_bl_loc,bl_loc,92,105,100.0,100.0,14982
B_ramp_bl_loc,bl_loc,93,102,100.0,100.0,14982
B_ramp_bl_loc,bl_loc,94,113,100.0,100.0,14982
B_ramp_bl_loc,bl_loc,95,112,100.0,100.0,14982
B_ramp_bl_loc,bl_loc,96,109,100.0,100.0,14982
B_ramp_bl_loc,bl_loc,97,97,100.0,100.0,14982
B_ramp_bl_loc,bl_loc,98,104,100.0,100.0,14982
B_ramp_bl_loc,bl_loc,99,95,100.0,100.0,14982
B_ramp_bl_loc,bl_loc,100,112,100.0,100.0,14982
B_ramp_bl_loc,bl_loc,101,113,100.0,100.0,14982
B_ramp_bl_loc,bl_loc,102,102,100.0,100.0,13309
B_ramp_bl_loc,bl_loc,103,106,100.0,100.0,13309
B_ramp_bl_loc,bl_loc,104,107,100.0,100.0,13309
B_ramp_bl_loc,bl_loc,105,110,100.0,100.0,13309
B_ramp_bl_loc,bl_loc,106,100,100.0,100.0,13309
B_ramp_bl_loc,bl_loc,107,100,100.0,100.0,13309
B_ramp_bl_loc,bl_loc,108,109,100.0,100.0,13309
B_ramp_bl_loc,bl_loc,109,106,100.0,100.0,13309
B_ramp_bl_loc,bl_loc,110,97,100.0,100.0,13309
B_ramp_bl_loc,bl_loc,111,112,100.0,100.0,11636
B_ramp_bl_loc,bl_loc,112,98,100.0,100.0,11636
B_ramp_bl_loc,bl_loc,113,97,100.0,100.0,11636
B_ramp_bl_loc,bl_loc,114,108,100.0,100.0,11636
B_ramp_bl_loc,bl_loc,115,97,100.0,100.0,11636
B_ramp_bl_loc,bl_loc,116,94,100.0,100.0,11636
B_ramp_bl_loc,bl_loc,117,113,100.0,100.0,11636
B_ramp_bl_loc,bl_loc,118,105,100.0,100.0,11636
B_ramp_bl_loc,bl_loc,119,112,100.0,100.0,11636
B_ramp_bl_loc,bl_loc,120,90,100.0,100.0,11636
B_ramp_bl_loc,bl_loc,121,109,100.0,100.0,9964
B_ramp_bl_loc,bl_loc,122,104,100.0,100.0,9964
B_ramp_bl_loc,bl_loc,123,89,100.0,100.0,9964
B_ramp_bl_loc,bl_loc,124,110,100.0,100.0,9964
B_ramp_bl_loc,bl_loc,125,103,100.0,100.0,9964
B_ramp_bl_loc,bl_loc,126,112,100.0,100.0,9964
B_ramp_bl_loc,bl_loc,127,98,100.0,100.0,9964
B_ramp_bl_loc,bl_loc,128,102,100.0,100.0,9964
B_ramp_bl_loc,bl_loc,129,108,100.0,100.0,9964
B_ramp_bl_loc,bl_loc,130,115,100.0,100.0,9964
B_ramp_bl_loc,bl_loc,131,95,100.0,100.0,9964
B_ramp_bl_loc,bl_loc,132,111,100.0,100.0,8291
B_ramp_bl_loc,bl_loc,133,106,100.0,100.0,8291
B_ramp_bl_loc,bl_loc,134,112,100.0,100.0,8291
B_ramp_bl_loc,bl_loc,135,88,100.0,100.0,8291
B_ramp_bl_loc,bl_loc,136,111,100.0,100.0,8291
B_ramp_bl_loc,bl_loc,137,104,100.0,100.0,8291
B_ramp_bl_loc,bl_loc,138,101,100.0,100.0,8291
B_ramp_bl_loc,bl_loc,139,97,100.0,100.0,8291
B_ramp_bl_loc,bl_loc,140,114,100.0,100.0,8291
B_ramp_bl_loc,bl_loc,141,98,100.0,100.0,6618
B_ramp_bl_loc,bl_loc,142,94,100.0,100.0,6618
B_ramp_bl_loc,bl_loc,143,102,100.0,100.0,6618
B_ramp_bl_loc,bl_loc,144,108,100.0,100.0,6618
B_ramp_bl_loc,bl_loc,145,113,100.0,100.0,6618
B_ramp_bl_loc,bl_loc,146,107,100.0,100.0,6618
B_ramp_bl_loc,bl_loc,147,99,100.0,100.0,6618
B_ramp_bl_loc,bl_loc,148,100,100.0,100.0,6618
B_ramp_bl_loc,bl_loc,149,95,100.0,100.0,6618
B_ramp_bl_loc,bl_loc,150,96,100.0,100.0,6618
B_ramp_bl_loc,bl_loc,151,100,100.0,100.0,4945
B_ramp_bl_loc,bl_loc,152,96,100.0,100.0,4945
B_ramp_bl_loc,bl_loc,153,105,100.0,100.0,4945
B_ramp_bl_loc,bl_loc,154,109,100.0,100.0,4945
B_ramp_bl_loc,bl_loc,155,103,100.0,100.0,4945
B_ramp_bl_loc,bl_loc,156,99,100.0,100.0,4945
B_ramp_bl_loc,bl_loc,157,117,100.0,100.0,4945
B_ramp_bl_loc,bl_loc,158,96,100.0,100.0,4945
B_ramp_bl_loc,bl_loc,159,99,100.0,100.0,4945
B_ramp_bl_loc,bl_loc,160,108,100.0,100.0,4945
B_ramp_bl_loc,bl_loc,161,106,100.0,100.0,4945
B_ramp_bl_loc,bl_loc,162,104,100.0,100.0,3273
B_ramp_bl_loc,bl_loc,163,101,100.0,100.0,3273
B_ramp_bl_loc,bl_loc,164,95,100.0,100.0,3273
B_ramp_bl_loc,bl_loc,165,95,100.0,100.0,3273
B_ramp_bl_loc,bl_loc,166,116,100.0,100.0,3273
B_ramp_bl_loc,bl_loc,167,91,100.0,100.0,3273
B_ramp_bl_loc,bl_loc,168,90,100.0,100.0,3273
B_ramp_bl_loc,bl_loc,169,106,100.0,100.0,3273
B_ramp_bl_loc,bl_loc,170,80,100.0,100.0,3273
B_ramp_bl_loc,bl_loc,171,99,100.0,100.0,1600
B_ramp_bl_loc,bl_loc,172,94,100.0,100.0,1600
B_ramp_bl_loc,bl_loc,173,96,100.0,100.0,1600
B_ramp_bl_loc,bl_loc,174,79,100.0,100.0,1600
B_ramp_bl_loc,bl_loc,175,100,100.0,100.0,1600
B_ramp_bl_loc,bl_loc,176,88,100.0,100.0,1600
B_ramp_bl_loc,bl_loc,177,98,100.0,100.0,1600
B_ramp_bl_loc,bl_loc,178,85,100.0,100.0,1600
B_ramp_bl_loc,bl_loc,179,101,100.0,100.0,1600
B_ramp_bl_loc,bl_loc,180,95,100.0,100.0,1600
B_ramp_bl_loc,bl_loc,181,94,100.0,100.0,1600
B_ramp_bl_loc,bl_loc,182,93,100.0,100.0,1600
B_ramp_bl_loc,bl_loc,183,95,100.0,100.0,1600
B_ramp_bl_loc,bl_loc,184,98,100.0,100.0,1600
B_ramp_bl_loc,bl_loc,185,86,100.0,100.0,1600
B_ramp_bl_loc,bl_loc,186,93,100.0,100.0,1600
B_ramp_bl_loc,bl_loc,187,97,100.0,100.0,1600
B_ramp_bl_loc,bl_loc,188,89,100.0,100.0,1600
B_ramp_bl_loc,bl_loc,189,88,100.0,100.0,1600
B_ramp_bl_loc,bl_loc,190,94,100.0,100.0,1600
B_ramp_bl_loc,bl_loc,191,95,100.0,100.0,1600
B_ramp_bl_loc,bl_loc,192,86,100.0,100.0,1600
B_ramp_bl_loc,bl_loc,193,92,100.0,100.0,1600
B_ramp_bl_loc,bl_loc,194,86,100.0,100.0,1600
B_ramp_bl_loc,bl_loc,195,87,100.0,100.0,1600
B_ramp_bl_loc,bl_loc,196,88,100.0,100.0,1600
B_ramp_bl_loc,bl_loc,197,96,100.0,100.0,1600
B_ramp_bl_loc,bl_loc,198,85,100.0,100.0,1600
B_ramp_bl_loc,bl_loc,199,96,100.0,100.0,1600
B_ramp_bl_loc,bl_loc,200,102,100.0,100.0,1600
B_ramp_bl_loc,bl_loc,201,99,100.0,100.0,1600
B_ramp_bl_loc,bl_loc,202,94,100.0,100.0,1600
B_ramp_bl_loc,bl_loc,203,93,100.0,100.0,1600
B_ramp_bl_loc,bl_loc,204,95,100.0,100.0,1600
B_ramp_bl_loc,bl_loc,205,84,100.0,100.0,1600
B_ramp_bl_loc,bl_loc,206,93,100.0,100.0,1600
B_ramp_bl_loc,bl_loc,207,96,100.0,100.0,1600
B_ramp_bl_loc,bl_loc,208,96,100.0,100.0,1600
B_ramp_bl_loc,bl_loc,209,98,100.0,100.0,1600
B_ramp_bl_loc,bl_loc,210,94,100.0,100.0,1600
B_ramp_bl_loc,bl_loc,211,94,100.0,100.0,1600
B_ramp_bl_loc,bl_loc,212,84,100.0,100.0,1600
B_ramp_bl_loc,bl_loc,213,95,100.0,100.0,1600
B_ramp_bl_loc,bl_loc,214,92,100.0,100.0,1600
B_ramp_bl_loc,bl_loc,215,92,100.0,100.0,1600
B_ramp_bl_loc,bl_loc,216,95,100.0,100.0,1600
B_ramp_bl_loc,bl_loc,217,91,100.0,100.0,1600
B_ramp_bl_loc,bl_loc,218,85,100.0,100.0,1600
B_ramp_bl_loc,bl_loc,219,96,100.0,100.0,1600
B_ramp_bl_loc,bl_loc,220,110,100.0,100.0,1600
B_ramp_bl_loc,bl_loc,221,91,100.0,100.0,1600
B_ramp_bl_loc,bl_loc,222,90,100.0,100.0,1600
B_ramp_bl_loc,bl_loc,223,85,100.0,100.0,1600
B_ramp_bl_loc,bl_loc,224,81,100.0,100.0,1600
B_ramp_bl_loc,bl_loc,225,97,100.0,100.0,1600
B_ramp_bl_loc,bl_loc,226,92,100.0,100.0,1600
B_ramp_bl_loc,bl_loc,227,91,100.0,100.0,1600
B_ramp_bl_loc,bl_loc,228,94,100.0,100.0,1600
B_ramp_bl_loc,bl_loc,229,89,100.0,100.0,1600
B_ramp_bl_loc,bl_loc,230,100,100.0,100.0,1600
B_ramp_bl_loc,bl_loc,231,89,100.0,100.0,1600
B_ramp_bl_loc,bl_loc,232,94,100.0,100.0,1600
B_ramp_bl_loc,bl_loc,233,101,100.0,100.0,1600
B_ramp_bl_loc,bl_loc,234,88,100.0,100.0,1600
B_ramp_bl_loc,bl_loc,235,90,100.0,100.0,1600
B_ramp_bl_loc,bl_loc,236,94,100.0,100.0,1600
B_ramp_bl_loc,bl_loc,237,94,100.0,100.0,1600
B_ramp_bl_loc,bl_loc,238,97,100.0,100.0,1600
B_ramp_bl_loc,bl_loc,239,90,100.0,100.0,1600
B_ramp_bl_loc,bl_loc,240,96,100.0,100.0,1600
B_ramp_bl_loc,bl_loc,241,90,100.0,100.0,1600
B_ramp_bl_loc,bl_loc,242,96,100.0,100.0,1600
B_ramp_bl_loc,bl_loc,243,98,100.0,100.0,1600
B_ramp_bl_loc,bl_loc,244,99,100.0,100.0,1600
B_ramp_bl_loc,bl_loc,245,94,100.0,100.0,1600
B_ramp_bl_loc,bl_loc,246,100,100.0,100.0,1600
B_ramp_bl_loc,bl_loc,247,88,100.0,100.0,1600
B_ramp_bl_loc,bl_loc,248,95,100.0,100.0,1600
B_ramp_bl_loc,bl_loc,249,102,100.0,100.0,1600
B_ramp_bl_loc,bl_loc,250,94,100.0,100.0,1600
B_ramp_bl_loc,bl_loc,251,100,100.0,100.0,1600
B_ramp_bl_loc,bl_loc,252,93,100.0,100.0,1600
B_ramp_bl_loc,bl_loc,253,81,100.0,100.0,1600
B_ramp_bl_loc,bl_loc,254,108,100.0,100.0,1600
B_ramp_bl_loc,bl_loc,255,87,100.0,100.0,1600
B_ramp_bl_loc,bl_loc,256,83,100.0,100.0,1600
B_ramp_bl_loc,bl_loc,257,110,100.0,100.0,1600
B_ramp_bl_loc,bl_loc,258,94,100.0,100.0,1600
B_ramp_bl_loc,bl_loc,259,101,100.0,100.0,1600
B_ramp_bl_loc,bl_loc,260,87,100.0,100.0,1600
B_ramp_bl_loc,bl_loc,261,97,100.0,100.0,1600
B_ramp_bl_loc,bl_loc,262,94,100.0,100.0,1600
B_ramp_bl_loc,bl_loc,263,88,100.0,100.0,1600
B_ramp_bl_loc,bl_loc,264,95,100.0,100.0,1600
B_ramp_bl_loc,bl_loc,265,94,100.0,100.0,1600
B_ramp_bl_loc,bl_loc,266,89,100.0,100.0,1600
B_ramp_bl_loc,bl_loc,267,91,100.0,100.0,1600
B_ramp_bl_loc,bl_loc,268,95,100.0,100.0,1600
B_ramp_bl_loc,bl_loc,269,97,100.0,100.0,1600
B_ramp_bl_loc,bl_loc,270,103,100.0,100.0,1600
B_ramp_bl_loc,bl_loc,271,96,100.0,100.0,1600
B_ramp_bl_loc,bl_loc,272,99,100.0,100.0,1600
B_ramp_bl_loc,bl_loc,273,90,100.0,100.0,1600
B_ramp_bl_loc,bl_loc,274,88,100.0,100.0,1600
B_ramp_bl_loc,bl_loc,275,99,100.0,100.0,1600
B_ramp_bl_loc,bl_loc,276,93,100.0,100.0,1600
B_ramp_bl_loc,bl_loc,277,93,100.0,100.0,1600
B_ramp_bl_loc,bl_loc,278,98,100.0,100.0,1600
B_ramp_bl_loc,bl_loc,279,98,100.0,100.0,1600
B_ramp_bl_loc,bl_loc,280,94,100.0,100.0,1600
B_ramp_bl_loc,bl_loc,281,89,100.0,100.0,1600
B_ramp_bl_loc,bl_loc,282,96,100.0,100.0,1600
B_ramp_bl_loc,bl_loc,283,87,100.0,100.0,1600
B_ramp_bl_loc,bl_loc,284,90,100.0,100.0,1600
B_ramp_bl_loc,bl_loc,285,98,100.0,100.0,1600
B_ramp_bl_loc,bl_loc,286,99,100.0,100.0,1600
B_ramp_bl_loc,bl_loc,287,83,100.0,100.0,1600
B_ramp_bl_loc,bl_loc,288,81,100.0,100.0,1600
B_ramp_bl_loc,bl_loc,289,91,100.0,100.0,1600
B_ramp_bl_loc,bl_loc,290,88,100.0,100.0,1600
B_ramp_bl_loc,bl_loc,291,83,100.0,100.0,1600
B_ramp_bl_loc,bl_loc,292,99,100.0,100.0,1600
B_ramp_bl_loc,bl_loc,293,92,100.0,100.0,1600
B_ramp_bl_loc,bl_loc,294,102,100.0,100.0,1600
B_ramp_bl_loc,bl_loc,295,97,100.0,100.0,1600
B_ramp_bl_loc,bl_loc,296,93,100.0,100.0,1600
B_ramp_bl_loc,bl_loc,297,100,100.0,100.0,1600
B_ramp_bl_loc,bl_loc,298,95,100.0,100.0,1600
B_ramp_bl_loc,bl_loc,299,95,100.0,100.0,1600
B_ramp_bl_loc,bl_loc,300,96,100.0,100.0,1600
B_ramp_bl_loc,bl_loc,301,119,100.0,100.0,1600
B_ramp_bl_loc,bl_loc,302,103,100.0,100.0,1600
B_ramp_bl_loc,bl_loc,303,108,100.0,100.0,1600
B_ramp_bl_loc,bl_loc,304,112,100.0,100.0,1600
B_ramp_bl_loc,bl_loc,305,105,100.0,100.0,1600
B_ramp_bl_loc,bl_loc,306,111,100.0,100.0,1600
B_ramp_bl_loc,bl_loc,307,109,100.0,100.0,1600
B_ramp_bl_loc,bl_loc,308,95,100.0,100.0,1600
B_ramp_bl_loc,bl_loc,309,108,100.0,100.0,1600
B_ramp_bl_loc,bl_loc,310,103,100.0,100.0,1600
B_ramp_bl_loc,bl_loc,311,103,100.0,100.0,1600
B_ramp_bl_loc,bl_loc,312,109,100.0,100.0,1600
B_ramp_bl_loc,bl_loc,313,104,100.0,100.0,1600
B_ramp_bl_loc,bl_loc,314,110,100.0,100.0,1600
B_ramp_bl_loc,bl_loc,315,105,100.0,100.0,1600
B_ramp_bl_loc,bl_loc,316,108,100.0,100.0,1600
B_ramp_bl_loc,bl_loc,317,105,100.0,100.0,1600
B_ramp_bl_loc,bl_loc,318,113,100.0,100.0,1600
B_ramp_bl_loc,bl_loc,319,107,100.0,100.0,1600
B_ramp_bl_loc,bl_loc,320,95,100.0,100.0,1600
B_ramp_bl_loc,bl_loc,321,96,100.0,100.0,1600
B_ramp_bl_loc,bl_loc,322,100,100.0,100.0,1600
B_ramp_bl_loc,bl_loc,323,109,100.0,100.0,1600
B_ramp_bl_loc,bl_loc,324,108,100.0,100.0,1600
B_ramp_bl_loc,bl_loc,325,103,100.0,100.0,1600
B_ramp_bl_loc,bl_loc,326,114,100.0,100.0,1600
B_ramp_bl_loc,bl_loc,327,110,100.0,100.0,1600
B_ramp_bl_loc,bl_loc,328,95,100.0,100.0,1600
B_ramp_bl_loc,bl_loc,329,110,100.0,100.0,1600
B_ramp_bl_loc,bl_loc,330,104,100.0,100.0,1600
B_ramp_bl_loc,bl_loc,331,106,100.0,100.0,1600
B_ramp_bl_loc,bl_loc,332,104,100.0,100.0,1600
B_ramp_bl_loc,bl_loc,333,104,100.0,100.0,1600
B_ramp_bl_loc,bl_loc,334,95,100.0,100.0,1600
B_ramp_bl_loc,bl_loc,335,102,100.0,100.0,1600
B_ramp_bl_loc,bl_loc,336,117,100.0,100.0,1600
B_ramp_bl_loc,bl_loc,337,112,100.0,100.0,1600
B_ramp_bl_loc,bl_loc,338,108,100.0,100.0,1600
B_ramp_bl_loc,bl_loc,339,97,100.0,100.0,1600
B_ramp_bl_loc,bl_loc,340,104,100.0,100.0,1600
B_ramp_bl_loc,bl_loc,341,109,100.0,100.0,1600
B_ramp_bl_loc,bl_loc,342,111,100.0,100.0,1600
B_ramp_bl_loc,bl_loc,343,112,100.0,100.0,1600
B_ramp_bl_loc,bl_loc,344,114,100.0,100.0,1600
B_ramp_bl_loc,bl_loc,345,96,100.0,100.0,1600
B_ramp_bl_loc,bl_loc,346,103,100.0,100.0,1600
B_ramp_bl_loc,bl_loc,347,108,100.0,100.0,1600
B_ramp_bl_loc,bl_loc,348,107,100.0,100.0,1600
B_ramp_bl_loc,bl_loc,349,99,100.0,100.0,1600
B_ramp_bl_loc,bl_loc,350,111,100.0,100.0,1600
B_ramp_bl_loc,bl_loc,351,101,100.0,100.0,1600
B_ramp_bl_loc,bl_loc,352,102,100.0,100.0,1600
B_ramp_bl_loc,bl_loc,353,95,100.0,100.0,1600
B_ramp_bl_loc,bl_loc,354,113,100.0,100.0,1600
B_ramp_bl_loc,bl_loc,355,103,100.0,100.0,1600
B_ramp_bl_loc,bl_loc,356,104,100.0,100.0,1600
B_ramp_bl_loc,bl_loc,357,104,100.0,100.0,1600
B_ramp_bl_loc,bl_loc,358,108,100.0,100.0,1600
